ort_id;Ortschaft;str_id;Strasse
1662;Altentreptow;1307100400518;Ahornweg
1662;Altentreptow;1307100400517;Akazienweg
1662;Altentreptow;1307100400122;Am Amtshof
1662;Altentreptow;1307100400207;Am Marktplatz
1662;Altentreptow;1307100400407;Bahnhofstraße
1662;Altentreptow;1307100400301;Barkower Straße
1662;Altentreptow;1307100400203;Brandenburger Straße
1662;Altentreptow;1307100400201;Brückengasse
1662;Altentreptow;1307100400115;Brüggenbruch
1662;Altentreptow;1307100400302;Brunnenstraße
1662;Altentreptow;1307100400601;Buchar
1662;Altentreptow;1307100400521;Buchenweg
1662;Altentreptow;1307100400202;Demminer Straße
1662;Altentreptow;1307100400501;Diesterwegstraße
1662;Altentreptow;1307100400120;Eiskellerberg
1662;Altentreptow;1307100400102;Eiskellerweg
1662;Altentreptow;1307100400401;Ernst-Moritz-Arndt-Straße
1662;Altentreptow;1307100400520;Eschenweg
1662;Altentreptow;1307100400403;Feldstraße
1662;Altentreptow;1307100400404;Fichtestraße
1662;Altentreptow;1307100400405;Friedenstraße
1662;Altentreptow;1307100400513;Friedrichshof
1662;Altentreptow;1307100400104;Fritz-Peters-Straße
1662;Altentreptow;1307100400105;Fritz-Reuter-Straße
1662;Altentreptow;1307100400106;Ganzkower Weg
1662;Altentreptow;1307100400303;Gartenstraße
1662;Altentreptow;1307100400119;Gewerbehof
1662;Altentreptow;1307100400118;Grapzower Landweg
1662;Altentreptow;1307100400502;Grüner Gang
1662;Altentreptow;1307100400604;Heidbergtrift
1662;Altentreptow;1307100400503;Holländer Gang
1662;Altentreptow;1307100400107;Hospitalgasse
1662;Altentreptow;1307100400101;Hospitalstraße
1662;Altentreptow;1307100400406;Jahnstraße
1662;Altentreptow;1307100400108;Karl-Havermann-Straße
1662;Altentreptow;1307100400305;Karl-Liebknecht-Straße
1662;Altentreptow;1307100400306;Karlsplatz
1662;Altentreptow;1307100400109;Kirchengasse
1662;Altentreptow;1307100400602;Klatzow
1662;Altentreptow;1307100400307;Klosterberg
1662;Altentreptow;1307100400603;Loickenzin
1662;Altentreptow;1307100400309;Loickenziner Chaussee
1662;Altentreptow;1307100400308;Loickenziner Straße
1662;Altentreptow;1307100400205;Mauerstraße
1662;Altentreptow;1307100400206;Mittelstraße
1662;Altentreptow;1307100400110;Mühlengasse
1662;Altentreptow;1307100400111;Mühlenstraße
1662;Altentreptow;1307100400112;Neddeminer Straße
1662;Altentreptow;1307100400310;Nordkreuzung
1662;Altentreptow;1307100400103;Oberbaustraße
1662;Altentreptow;1307100400113;Onkel-Bräsig-Straße
1662;Altentreptow;1307100400504;Pestalozzistraße
1662;Altentreptow;1307100400402;Poststraße
1662;Altentreptow;1307100400208;Rathausstraße
1662;Altentreptow;1307100400209;Reitbahn
1662;Altentreptow;1307100400116;Reutershof
1662;Altentreptow;1307100400701;Rosemarsow
1662;Altentreptow;1307100400519;Rotdornweg
1662;Altentreptow;1307100400505;Rudolf-Breitscheid-Straße
1662;Altentreptow;1307100400311;Schulstraße
1662;Altentreptow;1307100400512;Stadtförsterei
1662;Altentreptow;1307100400304;St. Georg
1662;Altentreptow;1307100400312;Stralsunder Straße
1662;Altentreptow;1307100400506;Straße der Zukunft
1662;Altentreptow;1307100400507;Straße des 8.Mai
1662;Altentreptow;1307100400509;Teetzlebener Chaussee
1662;Altentreptow;1307100400508;Teetzlebener Straße
1662;Altentreptow;1307100400514;Thalberg
1662;Altentreptow;1307100400210;Tollensestraße
1662;Altentreptow;1307100400515;Trostfelde
1662;Altentreptow;1307100400516;Trostfelder Weg
1662;Altentreptow;1307100400121;Uns Hüsung
1662;Altentreptow;1307100400204;Unterbaustraße
1662;Altentreptow;1307100400117;Waidmannslust
1662;Altentreptow;1307100400114;Wallstraße
1662;Altentreptow;1307100400211;Westphalstraße
1662;Altentreptow;1307100400510;Zehntfeldweg
1666;Dargun;1307102701010;Aalbude
1666;Dargun;1307102701150;Ahornweg
1666;Dargun;1307102701020;Altbauhof
1666;Dargun;1307102701130;Alte Mühle
1666;Dargun;1307102701030;Am Bahndamm
1666;Dargun;1307102701040;Am Forsthof
1666;Dargun;1307102701050;Am Kleingarten
1666;Dargun;1307102701070;Am Röcknitztal
1666;Dargun;1307102701080;Am Sportplatz
1666;Dargun;1307102701090;Am Strand
1666;Dargun;1307102701110;Amtsstraße
1666;Dargun;1307102701060;Am Waldeck
1666;Dargun;1307102701140;An d.Lehnenhöfer Tannen
1666;Dargun;1307102701120;Ausbau
1666;Dargun;1307102702010;Bahnhofstraße
1666;Dargun;1307102751010;Barlin
1666;Dargun;1307102702011;Brauereistraße
1666;Dargun;1307102721010;Brudersdorf
1666;Dargun;1307102702020;Brudersdorfer Straße
1666;Dargun;1307102702040;Burgstraße
1666;Dargun;1307102731010;Darbein
1666;Dargun;1307102704010;Demminer Straße
1666;Dargun;1307102704020;Diesterwegstraße
1666;Dargun;1307102704030;Dörgelin
1666;Dargun;1307102706010;Feldstraße
1666;Dargun;1307102706040;Forsthof
1666;Dargun;1307102706050;Forstsiedlung
1666;Dargun;1307102706020;Friedhofsweg
1666;Dargun;1307102706030;Fritz-Reuter-Straße
1666;Dargun;1307102707010;Gartenstraße
1666;Dargun;1307102707020;Gerhart-Hauptmann-Straße
1666;Dargun;1307102707030;Glasow
1666;Dargun;1307102731030;Groß Methling
1666;Dargun;1307102708020;Heinrich-Heine-Straße
1666;Dargun;1307102708030;Heinrich-Mann-Straße
1666;Dargun;1307102708040;Hirtenweg
1666;Dargun;1307102731022;Hof Uhlenkrug
1666;Dargun;1307102706060;Hohenlockstedter Weg
1666;Dargun;1307102710010;Jahnstraße
1666;Dargun;1307102710020;John-Brinckman-Straße
1666;Dargun;1307102711020;Katersteig
1666;Dargun;1307102731040;Klein Methling
1666;Dargun;1307102711030;Klosterdamm
1666;Dargun;1307102741020;Kützerhof
1666;Dargun;1307102712010;Lehnenhof
1666;Dargun;1307102720040;Lerchenweg
1666;Dargun;1307102751020;Levin
1666;Dargun;1307102751030;Levin-Werder
1666;Dargun;1307102712020;Lindenweg
1666;Dargun;1307102713010;Mittelweg
1666;Dargun;1307102713020;Mühlenweg
1666;Dargun;1307102714020;Neubauhof
1666;Dargun;1307102714030;Neubauter Straße
1666;Dargun;1307102716020;Platz des Friedens
1666;Dargun;1307102751040;Remershof
1666;Dargun;1307102718010;Röcknitzstraße
1666;Dargun;1307102718020;Rudolf-Tarnow-Straße
1666;Dargun;1307102701100;Schloß
1666;Dargun;1307102720020;Schlossstraße
1666;Dargun;1307102720030;Schulstraße
1666;Dargun;1307102741030;Schwarzenhof
1666;Dargun;1307102731020;Stubbendorf
1666;Dargun;1307102731021;Stubbendorf-Polchow
1666;Dargun;1307102722010;Untermühle
1666;Dargun;1307102741010;Wagun
1666;Dargun;1307102751050;Zarnekow
1669;Demmin;1307102900304;Adolf-Pompe-Straße
1669;Demmin;1307102900822;Ahornstraße
1669;Demmin;1307102900901;Am Anger
1669;Demmin;1307102900621;Am Bollwerk
1669;Demmin;1307102900914;Am Dreiangel
1669;Demmin;1307102901017;Am Erlenberg
1669;Demmin;1307102900620;Am Hanseufer
1669;Demmin;1307102900109;Am Kirchengut
1669;Demmin;1307102900509;Am Krankenhaus
1669;Demmin;1307102900601;Am Markt
1669;Demmin;1307102901101;Am Sandberg
1669;Demmin;1307102901015;Am Trebeltal
1669;Demmin;1307102900301;An den Tannen
1669;Demmin;1307102900401;An der Gasanstalt
1669;Demmin;1307102900201;An der Mühle
1669;Demmin;1307102900101;Anklamer Feld
1669;Demmin;1307102900702;Apollonienmarkt
1669;Demmin;1307102900217;Asternweg
1669;Demmin;1307102900402;August-Bebel-Straße
1669;Demmin;1307102900625;Badegasse
1669;Demmin;1307102900310;Bahnhofstraße
1669;Demmin;1307102900618;Bauhofstraße
1669;Demmin;1307102900801;Baumannstraße
1669;Demmin;1307102900709;Baustraße
1669;Demmin;1307102900302;Beethovenstraße
1669;Demmin;1307102900303;Bergstraße
1669;Demmin;1307102900102;Bernhard-Kellermann-Straße
1669;Demmin;1307102900824;Birkenweg
1669;Demmin;1307102900508;Bleicherstraße
1669;Demmin;1307102900202;Blumenweg
1669;Demmin;1307102900403;Brinkstraße
1669;Demmin;1307102900602;Burgstraße
1669;Demmin;1307102900707;Christinenstraße
1669;Demmin;1307102900404;Clara-Zetkin-Straße
1669;Demmin;1307102900216;Dahlienweg
1669;Demmin;1307102900902;Damaschkestraße
1669;Demmin;1307102901016;Davidsohnweg
1669;Demmin;1307102900623;Deutsch-Kroner-Straße
1669;Demmin;1307102900903;Deven
1669;Demmin;1307102900904;Devener Hof
1669;Demmin;1307102900802;Devener Holz
1669;Demmin;1307102900905;Devener Straße
1669;Demmin;1307102900906;Drönnewitz
1669;Demmin;1307102900907;Drönnewitzer Straße
1669;Demmin;1307102900116;Dr.-Wilhelm-Külz-Straße
1669;Demmin;1307102900103;Ebertstraße
1669;Demmin;1307102900825;Eichenweg
1669;Demmin;1307102900803;Eichholz
1669;Demmin;1307102900804;Eichstraße
1669;Demmin;1307102901002;Erdmannshöhe
1669;Demmin;1307102900215;Ernst-Moritz-Arndt-Straße
1669;Demmin;1307102900622;Fischerstraße
1669;Demmin;1307102900603;Frauenstraße
1669;Demmin;1307102900805;Friesenstraße
1669;Demmin;1307102900806;Fritz-Reuter-Straße
1669;Demmin;1307102900502;Gartenstraße
1669;Demmin;1307102900415;Gerbergasse
1669;Demmin;1307102900306;Goethestraße
1669;Demmin;1307102900104;Goetzestraße
1669;Demmin;1307102900807;Grünstraße
1669;Demmin;1307102901003;Gustavshof
1669;Demmin;1307102900604;Heilgeiststraße
1669;Demmin;1307102900105;Heinestraße
1669;Demmin;1307102900908;Heinrich-Zille-Straße
1669;Demmin;1307102900218;Hermann-Eichblatt-Siedlung
1669;Demmin;1307102900605;Holstenstraße
1669;Demmin;1307102900808;Hopfenfeld
1669;Demmin;1307102900809;Hopfenstraße
1669;Demmin;1307102901109;Husar-Schulz-Weg
1669;Demmin;1307102900810;Jägerstraße
1669;Demmin;1307102900405;Jahnstraße
1669;Demmin;1307102900106;Jarmener Chaussee
1669;Demmin;1307102900114;Jarmener Straße
1669;Demmin;1307102900606;Kahldenstraße
1669;Demmin;1307102900607;Kahldenwallweg
1669;Demmin;1307102900205;Karl-Liebknecht-Straße
1669;Demmin;1307102900204;Karlshof
1669;Demmin;1307102901102;Kastanienallee
1669;Demmin;1307102900909;Kiebitzweg
1669;Demmin;1307102900503;Kirchhofstraße
1669;Demmin;1307102900608;Kirchplatz
1669;Demmin;1307102901014;Klänhammerweg
1669;Demmin;1307102901110;Klenzer Weg
1669;Demmin;1307102900609;Klinkenberg
1669;Demmin;1307102900811;Krautgasse
1669;Demmin;1307102900414;Kreuzstraße
1669;Demmin;1307102900812;Kuckucksweg
1669;Demmin;1307102900721;Kützerstraße
1669;Demmin;1307102900819;Lerchenweg
1669;Demmin;1307102901103;Lindenfelde
1669;Demmin;1307102900406;Lindenstraße
1669;Demmin;1307102901013;Lobeckweg
1669;Demmin;1307102900710;Loitzer Straße
1669;Demmin;1307102900407;Magazinstraße
1669;Demmin;1307102900504;Marienstraße
1669;Demmin;1307102900626;Markt
1669;Demmin;1307102900813;Meisengrund
1669;Demmin;1307102901004;Meyenkrebs
1669;Demmin;1307102900206;Miltzowstraße
1669;Demmin;1307102900307;Mozartstraße
1669;Demmin;1307102900408;Mühlenstraße
1669;Demmin;1307102900409;Mühlenteich
1669;Demmin;1307102900207;Münterstraße
1669;Demmin;1307102901104;Neubrandenburger Straße
1669;Demmin;1307102900108;Neuer Weg
1669;Demmin;1307102901105;Neu-Vorwerk
1669;Demmin;1307102900619;Nikolaistraße
1669;Demmin;1307102900410;Nonnensteig
1669;Demmin;1307102900712;Nordmauer
1669;Demmin;1307102900713;Nordsackgasse
1669;Demmin;1307102900624;Oberwallstraße
1669;Demmin;1307102901010;Ockelweg
1669;Demmin;1307102900610;Peenestraße
1669;Demmin;1307102900208;Pensiner Siedlung
1669;Demmin;1307102900209;Pensiner Weg
1669;Demmin;1307102900117;Pestalozzistraße
1669;Demmin;1307102900312;Pfarrer-Wessels-Straße
1669;Demmin;1307102900118;Pommernsiedlung
1669;Demmin;1307102900212;Quitzerower Weg
1669;Demmin;1307102901005;Randow
1669;Demmin;1307102900308;Reiferstraße
1669;Demmin;1307102900821;Reiherweg
1669;Demmin;1307102900119;Reitweg
1669;Demmin;1307102900612;Reuterstraße
1669;Demmin;1307102900714;Richtgrabenweg
1669;Demmin;1307102900213;Rosa-Luxemburg-Straße
1669;Demmin;1307102900814;Rosestraße
1669;Demmin;1307102900826;Rotdornweg
1669;Demmin;1307102900611;Rudolf-Breitscheid-Straße
1669;Demmin;1307102900110;Saarplatz
1669;Demmin;1307102900111;Saarstraße
1669;Demmin;1307102900411;Sackgasse
1669;Demmin;1307102900112;Sandbergtannen
1669;Demmin;1307102900827;Sanddornweg
1669;Demmin;1307102900506;Schillerstraße
1669;Demmin;1307102900613;Schloßstraße
1669;Demmin;1307102900309;Schubertstraße
1669;Demmin;1307102900614;Schuhagen
1669;Demmin;1307102900615;Schulstraße
1669;Demmin;1307102901011;Schünemannweg
1669;Demmin;1307102900311;Schützenstraße
1669;Demmin;1307102900716;Schwedengasse
1669;Demmin;1307102900717;Schwedenwallweg
1669;Demmin;1307102901201;Seedorf
1669;Demmin;1307102900113;Siebeneichen
1669;Demmin;1307102900815;Siedlung Am Devener Holz
1669;Demmin;1307102901106;Stavenhagener Straße
1669;Demmin;1307102900910;Straße der Einheit
1669;Demmin;1307102900911;Straße der Freiheit
1669;Demmin;1307102900913;Straße der Jugend
1669;Demmin;1307102900915;Straße der Völkerverständigung
1669;Demmin;1307102900912;Straße des Friedens
1669;Demmin;1307102900616;Südmauer
1669;Demmin;1307102900720;Synagogenstraße
1669;Demmin;1307102900820;Taubenweg
1669;Demmin;1307102900816;Thälmannsiedlung
1669;Demmin;1307102900115;Thomas-Mann-Straße
1669;Demmin;1307102901108;Töpferweg
1669;Demmin;1307102900505;Treptower Straße
1669;Demmin;1307102900617;Turmstraße
1669;Demmin;1307102900823;Ulmenstraße
1669;Demmin;1307102900412;Unterwallstraße
1669;Demmin;1307102901107;Vorwerker Straße
1669;Demmin;1307102901007;Waldberg
1669;Demmin;1307102900817;Waldstraße
1669;Demmin;1307102900413;Wassergasse
1669;Demmin;1307102900916;Wendeforst
1669;Demmin;1307102900719;Wiedemenstraße
1669;Demmin;1307102900818;Wiesenstraße
1669;Demmin;1307102901008;Woldeforst
1669;Demmin;1307102901009;Woldeforster Straße
1669;Demmin;1307102900507;Wollweberstraße
1669;Demmin;1307102901200;Wotenick
1669;Demmin;1307102901012;Zimmermannweg
1670;Feldberg;1307103300314;Alte Poststraße
1670;Feldberg;1307103301024;Alter Boisterfelder Weg
1670;Feldberg;1307103300101;Alter Landweg
1670;Feldberg;1307103300998;Alter Postweg
1670;Feldberg;1307103301058;Alter Schulweg
1670;Feldberg;1307103301004;Altes Forsthaus
1670;Feldberg;1307103301032;Alte Zollstraße
1670;Feldberg;1307103300994;Am alten Gutshof
1670;Feldberg;1307103301060;Am Anger
1670;Feldberg;1307103301039;Am Bach
1670;Feldberg;1307103300978;Am Bahnhof
1670;Feldberg;1307103300962;Am Bahnhofsberg
1670;Feldberg;1307103301012;Am Bucheisensee
1670;Feldberg;1307103301049;Am Dreetz
1670;Feldberg;1307103301000;Am Gutsgarten
1670;Feldberg;1307103300986;Am Gutshaus
1670;Feldberg;1307103301008;Am Gutshof
1670;Feldberg;1307103300990;Am Hügel
1670;Feldberg;1307103301016;Am Lenne-Park
1670;Feldberg;1307103301020;Am Lütten See
1670;Feldberg;1307103300301;Am Plattenberg
1670;Feldberg;1307103300102;Am Rosenberg
1670;Feldberg;1307103301005;Am Roßbauer
1670;Feldberg;1307103301037;Am Schulberg
1670;Feldberg;1307103301071;Am Schulzensee
1670;Feldberg;1307103301001;Am Seeberg
1670;Feldberg;1307103301048;Am Sprockfitz
1670;Feldberg;1307103301052;Am Storchennest
1670;Feldberg;1307103300302;Amtsplatz
1670;Feldberg;1307103301017;An der Brennerei
1670;Feldberg;1307103300971;An der Dorfschule
1670;Feldberg;1307103301042;An der Drift
1670;Feldberg;1307103300983;An der Fähre
1670;Feldberg;1307103300966;An der Gärtnerei
1670;Feldberg;1307103300997;An der Hauptstraße
1670;Feldberg;1307103301018;An der Kirche
1670;Feldberg;1307103301073;An der Lehmgrube
1670;Feldberg;1307103300972;An der Maledei
1670;Feldberg;1307103300987;An der Miela
1670;Feldberg;1307103301050;An der Rundkirche
1670;Feldberg;1307103301029;An der Schlehenhecke
1670;Feldberg;1307103301082;Bad Iburger Straße
1670;Feldberg;1307103300104;Bahnhofstraße
1670;Feldberg;1307103300303;Bergstraße
1670;Feldberg;1307103301009;Birkenallee
1670;Feldberg;1307103301066;Blumenstraße
1670;Feldberg;1307103301021;Boitzenburger Chaussee
1670;Feldberg;1307103300999;Bredenfelder Straße
1670;Feldberg;1307103300105;Bruchstraße
1670;Feldberg;1307103300981;Buchenallee
1670;Feldberg;1307103300974;Carwitzer Chaussee
1670;Feldberg;1307103301046;Carwitzer Straße
1670;Feldberg;1307103300935;Dorfstraße
1670;Feldberg;1307103300304;Eichholz
1670;Feldberg;1307103300305;Erddamm
1670;Feldberg;1307103300201;Erfurthstraße
1670;Feldberg;1307103300991;Feldberger Chaussee
1670;Feldberg;1307103300306;Feldberger Hütte
1670;Feldberg;1307103301075;Fischereihof
1670;Feldberg;1307103300307;Fischersteig
1670;Feldberg;1307103301064;Fischerweg
1670;Feldberg;1307103301036;Fohlenwinkel
1670;Feldberg;1307103301010;Forsthaus am See
1670;Feldberg;1307103300996;Forsthof
1670;Feldberg;1307103300308;Fürstenberger Straße
1670;Feldberg;1307103300106;Galgenbruch
1670;Feldberg;1307103300107;Gerstgrund
1670;Feldberg;1307103301041;Gewerbegebiet
1670;Feldberg;1307103301081;Glandorfer Straße
1670;Feldberg;1307103301054;Graulberg
1670;Feldberg;1307103301040;Grüner Weg
1670;Feldberg;1307103301051;Grünower Straße
1670;Feldberg;1307103301044;Gutsweg
1670;Feldberg;1307103300108;Hans-Fallada-Siedlung
1670;Feldberg;1307103301080;Harsefelder Straße
1670;Feldberg;1307103301006;Hauptstraße
1670;Feldberg;1307103300210;Heckenhaus
1670;Feldberg;1307103301015;Heckenweg
1670;Feldberg;1307103300309;Hinnenöver
1670;Feldberg;1307103300933;Hochfeld
1670;Feldberg;1307103300980;Hof Eichholz
1670;Feldberg;1307103301002;Hofstraße
1670;Feldberg;1307103300919;Hohenwippel
1670;Feldberg;1307103300502;Hullerbusch
1670;Feldberg;1307103301026;Hullerbuscher Weg
1670;Feldberg;1307103300404;Jägerwörde
1670;Feldberg;1307103300202;Kastanienallee
1670;Feldberg;1307103300984;Kastanienweg
1670;Feldberg;1307103300969;Käuzchenweg
1670;Feldberg;1307103301077;Kirchberg
1670;Feldberg;1307103301063;Kirchsteig
1670;Feldberg;1307103301090;Kirschenweg
1670;Feldberg;1307103300203;Klinkecken
1670;Feldberg;1307103300920;Köllershof
1670;Feldberg;1307103300927;Krüseliner Mühle
1670;Feldberg;1307103301061;Kurzer Weg
1670;Feldberg;1307103301078;Küstersteig
1670;Feldberg;1307103301057;Labeer Weg
1670;Feldberg;1307103300973;Laevener Straße
1670;Feldberg;1307103301013;Lichtenberger Straße
1670;Feldberg;1307103300970;Lichtenberger Weg
1670;Feldberg;1307103301062;Lindenallee
1670;Feldberg;1307103300968;Lindenstraße
1670;Feldberg;1307103301056;Lindenweg
1670;Feldberg;1307103300204;Lüttenhagener Chaussee
1670;Feldberg;1307103301087;Luzinblick
1670;Feldberg;1307103300965;Luzinweg
1670;Feldberg;1307103301035;Milchstraße
1670;Feldberg;1307103301074;Möhlend
1670;Feldberg;1307103300967;Molkereiweg
1670;Feldberg;1307103300985;Mooskoppel
1670;Feldberg;1307103301025;Mühlberg
1670;Feldberg;1307103300110;Mühlenweg
1670;Feldberg;1307103300977;Mümmelbrook
1670;Feldberg;1307103300111;Neuer Landweg
1670;Feldberg;1307103300975;Neuer Weg
1670;Feldberg;1307103300310;Neue Straße
1670;Feldberg;1307103301007;Neugartener Straße
1670;Feldberg;1307103300315;Neuhofer Straße
1670;Feldberg;1307103301011;Oberdorf
1670;Feldberg;1307103300963;Ollendorfer Weg
1670;Feldberg;1307103301053;Pastorberg
1670;Feldberg;1307103301034;Prenzlauer Allee
1670;Feldberg;1307103300311;Prenzlauer Straße
1670;Feldberg;1307103301059;Raschingstraße
1670;Feldberg;1307103301089;Robert-Kahn-Weg
1670;Feldberg;1307103300801;Rosenhof
1670;Feldberg;1307103300945;Rothe Haus
1670;Feldberg;1307103301067;Rundweg
1670;Feldberg;1307103300931;Sägewerk Koldenhof
1670;Feldberg;1307103300979;Schlichter Damm
1670;Feldberg;1307103301019;Schlichter Weg
1670;Feldberg;1307103300206;Schultenwirdel
1670;Feldberg;1307103301030;Seestraße
1670;Feldberg;1307103300995;Seeweg
1670;Feldberg;1307103300932;Siedlung Dolgen
1670;Feldberg;1307103300207;Straße der Jugend
1670;Feldberg;1307103300208;Strelitzer Straße
1670;Feldberg;1307103300930;Tackmannshof
1670;Feldberg;1307103301028;Tornowhöfer Straße
1670;Feldberg;1307103300209;Ulmenallee
1670;Feldberg;1307103301070;Vogelheidi
1670;Feldberg;1307103300312;Voßkuhl
1670;Feldberg;1307103300964;Waldweg
1670;Feldberg;1307103300982;Weidendamm
1670;Feldberg;1307103300992;Weitendorfer Straße
1670;Feldberg;1307103300976;Wiesenweg
1670;Feldberg;1307103301045;Wiesenwinkel
1670;Feldberg;1307103301022;Wilhelm-Gotsmann-Straße
1670;Feldberg;1307103301068;Windmühlenweg
1670;Feldberg;1307103301079;Wittenhagener Berg
1670;Feldberg;1307103301069;Wokuhler Weg
1670;Feldberg;1307103301038;Wootzenweg
1670;Feldberg;1307103301043;Wrechener Straße
1670;Feldberg;1307103301027;Zansenweg
1670;Feldberg;1307103301047;Zu den Schäferteichen
1670;Feldberg;1307103301023;Zu den Ziegenbergen
1670;Feldberg;1307103301031;Zum alten Park
1670;Feldberg;1307103300988;Zum Bohnenwerder
1670;Feldberg;1307103301055;Zum Brink
1670;Feldberg;1307103301065;Zum See
1670;Feldberg;1307103300993;Zum Storchennest
1670;Feldberg;1307103301014;Zum Turm
1670;Feldberg;1307103301003;Zum Wacholderberg
1670;Feldberg;1307103301076;Zum Waldsportplatz
1670;Feldberg;1307103301072;Zum Waschsee
1670;Feldberg;1307103300946;Zum Weiher
1670;Feldberg;1307103301033;Zur alten Schule
1671;Friedland;1307103512701;1. Ringstraße
1671;Friedland;1307103512702;2. Ringstraße
1671;Friedland;1307103512703;3. Ringstraße
1671;Friedland;1307103530103;Ahornweg
1671;Friedland;1307103510101;Am Brink
1671;Friedland;1307103530304;Am Dorfplatz
1671;Friedland;1307103530301;Am Feldrain
1671;Friedland;1307103510102;Am Markt
1671;Friedland;1307103501104;Am Park
1671;Friedland;1307103510103;Am Pferdemarkt
1671;Friedland;1307103540102;An der B 197
1671;Friedland;1307103501106;An der Kirche
1671;Friedland;1307103510104;An der Kleinbahn
1671;Friedland;1307103510106;An der Marienkirche
1671;Friedland;1307103510105;Anklamer Straße
1671;Friedland;1307103510107;Apothekergang
1671;Friedland;1307103510108;Askanierstraße
1671;Friedland;1307103510109;August-Bebel-Platz
1671;Friedland;1307103510201;Bahnhofstraße
1671;Friedland;1307103510202;Bauersheimer Weg
1671;Friedland;1307103501402;Bergstraße
1671;Friedland;1307103510203;Berlinweg
1671;Friedland;1307103510204;Besendahlweg
1671;Friedland;1307103502105;Birkenweg
1671;Friedland;1307103510205;Bresewitzer Straße
1671;Friedland;1307103501107;Brohmer Allee
1671;Friedland;1307103510301;Carl-Leuschner-Straße
1671;Friedland;1307103520001;Dorfstraße
1671;Friedland;1307103510401;Dr.-Karl-Beyer-Straße
1671;Friedland;1307103510402;Dr.-Koeppler-Straße
1671;Friedland;1307103510501;Eichenstraße
1671;Friedland;1307103530101;Eichhorster Straße
1671;Friedland;1307103502106;Elsterweg
1671;Friedland;1307103512305;Emilie-Mayer-Weg
1671;Friedland;1307103510601;Färberstraße
1671;Friedland;1307103510602;Feldstraße
1671;Friedland;1307103501403;Friedberger Weg
1671;Friedland;1307103510603;Friederike-Krüger-Straße
1671;Friedland;1307103502102;Friedländer Straße
1671;Friedland;1307103502202;Fritz-Bachert-Straße
1671;Friedland;1307103510604;Fritz-Reuter-Straße
1671;Friedland;1307103510701;Galgenberg
1671;Friedland;1307103510702;Gartenstraße
1671;Friedland;1307103501108;Gartenweg
1671;Friedland;1307103550101;Genzkow
1671;Friedland;1307103530302;Genzkower Straße
1671;Friedland;1307103540101;Glienker Dorfstraße
1671;Friedland;1307103510801;Hagedornstraße
1671;Friedland;1307103502301;Hauptstraße
1671;Friedland;1307103510802;Heinrichshöh
1671;Friedland;1307103501203;Heinrichswalde
1671;Friedland;1307103510804;Hinter dem Rathaus
1671;Friedland;1307103510901;Jahnstraße
1671;Friedland;1307103530102;Kastanienallee
1671;Friedland;1307103520003;Kastanienweg
1671;Friedland;1307103530305;Kublanker Weg
1671;Friedland;1307103511101;Kurze Gasse
1671;Friedland;1307103511201;Lessingstraße
1671;Friedland;1307103530201;Liepen
1671;Friedland;1307103530306;Lindenstraße
1671;Friedland;1307103501303;Lindenweg
1671;Friedland;1307103511202;Lübbersdorfer Chaussee
1671;Friedland;1307103511301;Marienstraße
1671;Friedland;1307103502203;Meierei
1671;Friedland;1307103511303;Molkereistraße
1671;Friedland;1307103511304;Mühlenstraße
1671;Friedland;1307103511401;Neubrandenburger Straße
1671;Friedland;1307103530307;Parkstraße
1671;Friedland;1307103511601;Pasewalker Straße
1671;Friedland;1307103511602;Pleetzer Weg
1671;Friedland;1307103511603;Poggenpuhl
1671;Friedland;1307103511801;Rektor-Wegner-Straße
1671;Friedland;1307103511802;Riemannstraße
1671;Friedland;1307103530308;Rotdornstraße
1671;Friedland;1307103502205;Rotdornweg
1671;Friedland;1307103511803;Rudolf-Breitscheid-Straße
1671;Friedland;1307103530309;Sadelkower Weg
1671;Friedland;1307103511901;Salower Chaussee
1671;Friedland;1307103511902;Salower Straße
1671;Friedland;1307103520002;Salower Weg
1671;Friedland;1307103511903;Sauerstraße
1671;Friedland;1307103501109;Schönbecker Weg
1671;Friedland;1307103511904;Schröderweg
1671;Friedland;1307103511905;Schulstraße
1671;Friedland;1307103520005;Schwanbecker Chaussee
1671;Friedland;1307103511906;Schwanbecker Straße
1671;Friedland;1307103512001;Turmstraße
1671;Friedland;1307103512201;Verwaltergang
1671;Friedland;1307103512202;Verwalterweg
1671;Friedland;1307103512204;Vor dem Walltor
1671;Friedland;1307103512203;Voßweg
1671;Friedland;1307103502206;Waldstraße
1671;Friedland;1307103512301;Wallpromenade
1671;Friedland;1307103512302;Wiesenweg
1671;Friedland;1307103512303;Woldegker Chaussee
1671;Friedland;1307103512304;Wollweberstraße
1671;Friedland;1307103512601;Zum Glockshimmelsberg
1671;Friedland;1307103512602;Zum Jungfernholz
1671;Friedland;1307103512603;Zum Schöpfwerk
1671;Friedland;1307103501110;Zum Staudamm
1671;Friedland;1307103520007;Zur Alten Schmiede
1671;Friedland;1307103520006;Zur Alten Ziegelei
1671;Friedland;1307103512604;Zur Bullenwiese
1671;Friedland;1307103530104;Zur Meierei
1671;Friedland;1307103512605;Zur Pferdehutung
1672;Malchin;1307109200501;Achterstraße
1672;Malchin;1307109200119;Alter Bahndamm
1672;Malchin;1307109201101;Alt Panstorf
1672;Malchin;1307109201403;Alt Panstorfer Weg
1672;Malchin;1307109200908;Am Bahnhofsberg
1672;Malchin;1307109201502;Am Franzosenbruch
1672;Malchin;1307109200909;Am Hafen
1672;Malchin;1307109200502;Am Kanal
1672;Malchin;1307109200802;Am Kornbrink
1672;Malchin;1307109200116;Am Leuschentiner Damm
1672;Malchin;1307109200113;Am Leuschentiner Weg
1672;Malchin;1307109200305;Am Markt
1672;Malchin;1307109200101;Am Rosengarten
1672;Malchin;1307109200401;Amselweg
1672;Malchin;1307109200102;Am Strauchwerder
1672;Malchin;1307109200412;Amtsgerichtsplatz
1672;Malchin;1307109200301;Am Wall
1672;Malchin;1307109200402;Am Wasserturm
1672;Malchin;1307109200801;Am Zachow
1672;Malchin;1307109200307;An der Bleiche
1672;Malchin;1307109200117;An der Landwehr
1672;Malchin;1307109200115;An der Mühlentorweide
1672;Malchin;1307109200424;An der Ostpeene
1672;Malchin;1307109200201;Bahnhof
1672;Malchin;1307109200202;Bahnhofstraße
1672;Malchin;1307109200405;Basedower Straße
1672;Malchin;1307109200103;Blumenstraße
1672;Malchin;1307109200204;Breite Straße
1672;Malchin;1307109200905;Bungalowsiedlung
1672;Malchin;1307109200104;Bürgermeister-Faull-Straße
1672;Malchin;1307109200203;Bürgermeister-Tretow-Straße
1672;Malchin;1307109200105;Burgwallweg
1672;Malchin;1307109200418;Deipwohrenstrat
1672;Malchin;1307109201701;Dorfstraße
1672;Malchin;1307109200106;Drei-Kämpen-Weg
1672;Malchin;1307109200404;Drosselweg
1672;Malchin;1307109200423;Dr.-Wilhelm-Arnold-Straße
1672;Malchin;1307109200107;Fabrikstraße
1672;Malchin;1307109200205;Feldstraße
1672;Malchin;1307109200406;Finkensteig
1672;Malchin;1307109201102;Forsthof
1672;Malchin;1307109200206;Fritz-Reuter-Platz
1672;Malchin;1307109200407;Fuhrtsberg
1672;Malchin;1307109200207;Gartenstraße
1672;Malchin;1307109200425;Gielower Chaussee
1672;Malchin;1307109200108;Goethestraße
1672;Malchin;1307109200901;Gorschendorf
1672;Malchin;1307109200910;Gülitz
1672;Malchin;1307109201201;Hagensruhm
1672;Malchin;1307109200703;Haltestelle
1672;Malchin;1307109200603;Heinrich-Heine-Straße
1672;Malchin;1307109200208;Hunnenstraße
1672;Malchin;1307109200109;Industriegelände
1672;Malchin;1307109200408;Jägerhof
1672;Malchin;1307109200503;Jettchenshof
1672;Malchin;1307109200209;Karl-Dressel-Straße
1672;Malchin;1307109201407;Katersteg
1672;Malchin;1307109200210;Kreuzstraße
1672;Malchin;1307109200302;Lange Straße
1672;Malchin;1307109200410;Lindenstraße
1672;Malchin;1307109200114;Mühlenfeld
1672;Malchin;1307109200504;Mühlenstraße
1672;Malchin;1307109200110;Mühlentorsiedlung
1672;Malchin;1307109201301;Neu Panstorf
1672;Malchin;1307109200111;Parkstraße
1672;Malchin;1307109200303;Pastinakelstraße
1672;Malchin;1307109200411;Peenestraße
1672;Malchin;1307109200304;Petersilienstraße
1672;Malchin;1307109201801;Pinnow
1672;Malchin;1307109200505;Pisede
1672;Malchin;1307109200506;Poststraße
1672;Malchin;1307109200507;Puschkinstraße
1672;Malchin;1307109200211;Rektor-Bülch-Straße
1672;Malchin;1307109201401;Rempliner Hauptstraße
1672;Malchin;1307109201501;Retzow
1672;Malchin;1307109201402;Rosenstraße
1672;Malchin;1307109200216;Rosmarinstraße
1672;Malchin;1307109200602;Rudolf-Fritz-Straße
1672;Malchin;1307109200904;Salem
1672;Malchin;1307109200702;Scharpzower Dorfstraße
1672;Malchin;1307109200413;Scheunenstraße
1672;Malchin;1307109201405;Schloßstraße
1672;Malchin;1307109200414;Schratweg
1672;Malchin;1307109200212;Schulplatz
1672;Malchin;1307109200213;Schulstraße
1672;Malchin;1307109200508;Schultetusstraße
1672;Malchin;1307109200306;Schweriner Straße
1672;Malchin;1307109200118;Stadtblick
1672;Malchin;1307109200112;Stavenhagener Straße
1672;Malchin;1307109200308;Steinstraße
1672;Malchin;1307109200309;Steintor-Mauer-Straße
1672;Malchin;1307109200310;Strelitzer Straße
1672;Malchin;1307109200311;Strietfeld
1672;Malchin;1307109200510;Teichstraße
1672;Malchin;1307109200415;Turnplatz
1672;Malchin;1307109200420;Unkel-Bräsig-Strat
1672;Malchin;1307109200419;Uns Hüsung
1672;Malchin;1307109200416;Viezenhof
1672;Malchin;1307109201503;Waldweg
1672;Malchin;1307109200417;Walter-Block-Straße
1672;Malchin;1307109200409;Warener Straße
1672;Malchin;1307109200312;Wargentiner Straße
1672;Malchin;1307109200214;Wedenhof
1672;Malchin;1307109201601;Wendischhagen
1672;Malchin;1307109201404;Wendischhägener Straße
1672;Malchin;1307109200903;Wiesengrund Salem
1672;Malchin;1307109200215;Wiesenstraße
1672;Malchin;1307109201406;Wiesenweg
1672;Malchin;1307109200313;Wolfssteig
1673;Malchow;1307109300507;Ahornallee
1673;Malchow;1307109300520;Alter Kirchhofsweg
1673;Malchow;1307109300203;Alter Markt
1673;Malchow;1307109300301;Alt Schweriner Weg
1673;Malchow;1307109300617;Am Fleesensee
1673;Malchow;1307109300513;Am Lilienhang
1673;Malchow;1307109300516;Am Mooskamp
1673;Malchow;1307109300305;Am Stadthafen
1673;Malchow;1307109300904;Am Wasserwerk
1673;Malchow;1307109300601;August-Bebel-Straße
1673;Malchow;1307109300401;Bachstraße
1673;Malchow;1307109300602;Bahnhofstraße
1673;Malchow;1307109300402;Beethovenstraße
1673;Malchow;1307109300501;Bergstraße
1673;Malchow;1307109300404;Biestorf
1673;Malchow;1307109300405;Biestorfer Weg
1673;Malchow;1307109300902;Birkholz
1673;Malchow;1307109300521;Bollenbarg
1673;Malchow;1307109300603;Buchenwaldweg
1673;Malchow;1307109300903;Clara-Zetkin-Ring
1673;Malchow;1307109300508;Ebereschenallee
1673;Malchow;1307109300704;Fliederweg
1673;Malchow;1307109300622;Fontaneweg
1673;Malchow;1307109300701;Friedenstraße
1673;Malchow;1307109300502;Friedrich-Ebert-Straße
1673;Malchow;1307109300105;Friedrich-Lessen-Weg
1673;Malchow;1307109300406;Fritz-Reuter-Straße
1673;Malchow;1307109300503;Gartenstraße
1673;Malchow;1307109300302;Gasse
1673;Malchow;1307109300504;Güstrower Straße
1673;Malchow;1307109300709;Hasenspur
1673;Malchow;1307109300407;Heinestraße
1673;Malchow;1307109301002;Hofweg
1673;Malchow;1307109300710;Igelweg
1673;Malchow;1307109300605;Karl-Liebknecht-Straße
1673;Malchow;1307109300604;Karlstraße
1673;Malchow;1307109300408;Karower Chaussee
1673;Malchow;1307109300711;Katersteig
1673;Malchow;1307109300705;Kiefernhain
1673;Malchow;1307109300303;Kirchenstraße
1673;Malchow;1307109300101;Kloster
1673;Malchow;1307109300518;Kornblumeneck
1673;Malchow;1307109300201;Kurze Straße
1673;Malchow;1307109300702;Lagerstraße
1673;Malchow;1307109300202;Lange Straße
1673;Malchow;1307109301001;Laschendorf
1673;Malchow;1307109300410;Lenz
1673;Malchow;1307109300510;Lindenallee
1673;Malchow;1307109300908;Mecklenburger Straße
1673;Malchow;1307109300411;Mozartstraße
1673;Malchow;1307109300304;Mühlenstraße
1673;Malchow;1307109300517;Nelkengrund
1673;Malchow;1307109300801;Neue Heimat
1673;Malchow;1307109300606;Neuer Markt
1673;Malchow;1307109300512;Orchideenweg
1673;Malchow;1307109300621;Parkstraße
1673;Malchow;1307109300412;Platz der Freiheit
1673;Malchow;1307109300416;Plauer Seeblick
1673;Malchow;1307109300607;Reuterweg
1673;Malchow;1307109300608;Rosa-Luxemburg-Straße
1673;Malchow;1307109300519;Rosenhügel
1673;Malchow;1307109300505;Rostocker Straße
1673;Malchow;1307109300417;Rudolf-Gahlbeck-Weg
1673;Malchow;1307109300703;Sandfeld
1673;Malchow;1307109300413;Schubertstraße
1673;Malchow;1307109300706;Schulstraße
1673;Malchow;1307109300609;Stadtrandsiedlung
1673;Malchow;1307109300106;Stämmenberg
1673;Malchow;1307109300506;Stauffenbergstraße
1673;Malchow;1307109300610;Strandstraße
1673;Malchow;1307109300905;Straße der Jugend
1673;Malchow;1307109300707;Tannenweg
1673;Malchow;1307109300611;Teterower Chaussee
1673;Malchow;1307109300414;Thälmannsiedlung
1673;Malchow;1307109300612;Theodor-Storm-Straße
1673;Malchow;1307109300613;Trostfeld
1673;Malchow;1307109300511;Tulpenring
1673;Malchow;1307109300614;Waldstraße
1673;Malchow;1307109300615;Wilhelm-Pieck-Straße
1673;Malchow;1307109300104;Ziegeleiweg
1673;Malchow;1307109300415;Zum Plauer See
1673;Malchow;1307109300708;Zum Recken
1673;Malchow;1307109300906;Zum Wiesenbogen
1674;Mirow;1307109900201;Aastannenweg
1674;Mirow;1307109900877;Alte Pferdekoppel
1674;Mirow;1307109900866;Alter Bahnhof Zirtow
1674;Mirow;1307109900825;Am Erlenbruch
1674;Mirow;1307109900847;Am Kälbersee
1674;Mirow;1307109900839;Am Kanal
1674;Mirow;1307109900842;Am kleinen Buchenberg
1674;Mirow;1307109900817;Am Rochowsee
1674;Mirow;1307109900309;Am Sandberg
1674;Mirow;1307109900874;Amselstraße
1674;Mirow;1307109900836;An der Clön
1674;Mirow;1307109900818;An der Oberbek
1674;Mirow;1307109900101;August-Bebel-Straße
1674;Mirow;1307109900843;Ausbau Qualzow
1674;Mirow;1307109900845;Babke
1674;Mirow;1307109900202;Bahnhofstraße
1674;Mirow;1307109900401;Beethovenstraße
1674;Mirow;1307109900701;Birkenhof
1674;Mirow;1307109900301;Birkenstraße
1674;Mirow;1307109900702;Blankenfelde
1674;Mirow;1307109900846;Blankenförde
1674;Mirow;1307109900811;Bummelsgang
1674;Mirow;1307109900819;Bungalowsiedlung 1
1674;Mirow;1307109900820;Bungalowsiedlung 2
1674;Mirow;1307109900706;Bungalowsiedlung Holm
1674;Mirow;1307109900864;Bungalowsiedlung Zietlitz
1674;Mirow;1307109900806;Carl-Friedrich-Straße
1674;Mirow;1307109900107;Clara-Zetkin-Straße
1674;Mirow;1307109900822;Diemitz
1674;Mirow;1307109900821;Diemitz Schleuse
1674;Mirow;1307109900824;Eichenweg
1674;Mirow;1307109900204;Fischergang
1674;Mirow;1307109900823;Fleeth
1674;Mirow;1307109900827;Fleether Mühle
1674;Mirow;1307109900205;Fleether Weg
1674;Mirow;1307109900810;Fockbeker Straße
1674;Mirow;1307109900851;Förden
1674;Mirow;1307109900828;Forsthof
1674;Mirow;1307109900402;Fritz-Reuter-Straße
1674;Mirow;1307109900809;Gartenanlage Granzow
1674;Mirow;1307109900102;Gartenstraße
1674;Mirow;1307109900870;Gartenweg
1674;Mirow;1307109900403;Goethestraße
1674;Mirow;1307109900816;Granzower Chaussee
1674;Mirow;1307109900404;Granzower Straße
1674;Mirow;1307109900853;Haus Am Sonnentor
1674;Mirow;1307109900207;Hohe Brücke
1674;Mirow;1307109900703;Hohenfelde
1674;Mirow;1307109900704;Holm
1674;Mirow;1307109900208;Ilsenberg
1674;Mirow;1307109900103;Jahnstraße
1674;Mirow;1307109900303;Jugendherberge
1674;Mirow;1307109900854;Kalkofen
1674;Mirow;1307109900829;Kranichweg
1674;Mirow;1307109900304;Lärzer Straße
1674;Mirow;1307109900855;Leussow
1674;Mirow;1307109900104;Leussower Weg
1674;Mirow;1307109900830;Luhmer Weg
1674;Mirow;1307109900305;Mühlendamm
1674;Mirow;1307109900210;Mühlenstraße
1674;Mirow;1307109900801;Neuer Markt
1674;Mirow;1307109900212;Neue Straße
1674;Mirow;1307109900856;Neufeld
1674;Mirow;1307109900306;Niemandslust
1674;Mirow;1307109900831;Pappelallee
1674;Mirow;1307109900601;Peetsch
1674;Mirow;1307109900213;Peetscher Weg
1674;Mirow;1307109900857;Pension Fischerhaus
1674;Mirow;1307109900858;Qualzow
1674;Mirow;1307109900214;Querstraße
1674;Mirow;1307109900307;Retzower Straße
1674;Mirow;1307109900215;Rheinsberger Straße
1674;Mirow;1307109900849;Roggentin
1674;Mirow;1307109900408;Roloffstraße
1674;Mirow;1307109900812;Rotdornstraße
1674;Mirow;1307109900832;Rübenberg
1674;Mirow;1307109900105;Rudolf-Breitscheid-Straße
1674;Mirow;1307109900405;Rudolphistraße
1674;Mirow;1307109900216;Schildkamp
1674;Mirow;1307109900860;Schillersdorf
1674;Mirow;1307109900406;Schillerstraße
1674;Mirow;1307109900217;Schloßinsel
1674;Mirow;1307109900209;Schloßstraße
1674;Mirow;1307109900861;Schwarzer Moor
1674;Mirow;1307109900840;Seepromenade
1674;Mirow;1307109900875;Seeschwalbenstraße
1674;Mirow;1307109900803;Seesiedlung
1674;Mirow;1307109900869;Seestraße
1674;Mirow;1307109900705;Starsow
1674;Mirow;1307109900308;Starsower Straße
1674;Mirow;1307109900872;Storchennest
1674;Mirow;1307109900407;Strandstraße
1674;Mirow;1307109900203;Strelitzer Straße
1674;Mirow;1307109900862;Teerofen
1674;Mirow;1307109900218;Töpferstraße
1674;Mirow;1307109900863;Turm
1674;Mirow;1307109900834;Von der Heide
1674;Mirow;1307109900868;Waldweg
1674;Mirow;1307109900867;Walter-Gotsmann-Straße
1674;Mirow;1307109900106;Weidenweg
1674;Mirow;1307109900219;Weinberg
1674;Mirow;1307109900211;Wesenberger Chaussee
1674;Mirow;1307109900873;Wildgansstraße
1674;Mirow;1307109900865;Zietlitz
1675;Neukalen;1307110900102;Am Bahndamm
1675;Neukalen;1307110900124;Am Hafen
1675;Neukalen;1307110900110;Am Markt
1675;Neukalen;1307110900221;Am Mühlenberg
1675;Neukalen;1307110900101;Amtsstraße
1675;Neukalen;1307110900125;An der Peene
1675;Neukalen;1307110900213;An der Schlakendorfer Straße
1675;Neukalen;1307110900220;Auf dem Gartshof
1675;Neukalen;1307110900214;Bahnhof
1675;Neukalen;1307110900215;Bahnhof Lelkendorf
1675;Neukalen;1307110900201;Bahnhofstraße
1675;Neukalen;1307110900222;Bungalow Siedl.-Alter Sportpl.
1675;Neukalen;1307110900103;Darguner Straße
1675;Neukalen;1307110900223;Dr. R.-Rademacher-Straße
1675;Neukalen;1307110900105;Forsthof
1675;Neukalen;1307110900217;Franzensberg
1675;Neukalen;1307110900104;Friedrich-Ludwig-Jahn-Straße
1675;Neukalen;1307110900202;Fritz-Reuter-Straße
1675;Neukalen;1307110900211;Gartsbruch
1675;Neukalen;1307110900301;Gewerbegebiet Nord
1675;Neukalen;1307110900117;Gilkenwerder
1675;Neukalen;1307110900106;Hafenstraße
1675;Neukalen;1307110900203;John-Brinkmann-Straße
1675;Neukalen;1307110900219;Karnitz
1675;Neukalen;1307110900107;Klosterstraße
1675;Neukalen;1307110900108;Krumme Straße
1675;Neukalen;1307110900109;Lutherstraße
1675;Neukalen;1307110900118;Molkerei
1675;Neukalen;1307110900212;Parkweg
1675;Neukalen;1307110900120;Promenade
1675;Neukalen;1307110900119;Rathaus
1675;Neukalen;1307110900112;Rektorstraße
1675;Neukalen;1307110900204;Ringstraße
1675;Neukalen;1307110900111;Rohrplage
1675;Neukalen;1307110900207;Salemer Weg
1675;Neukalen;1307110900218;Schlakendorf
1675;Neukalen;1307110900121;Schönkamp
1675;Neukalen;1307110900122;Schorrentin
1675;Neukalen;1307110900116;Schulstraße
1675;Neukalen;1307110900206;Straße der Freundschaft
1675;Neukalen;1307110900205;Straße des Friedens
1675;Neukalen;1307110900208;Teterower Straße
1675;Neukalen;1307110900210;Thomas-Müntzer-Straße
1675;Neukalen;1307110900115;Wallstraße
1675;Neukalen;1307110900123;Warsow
1675;Neukalen;1307110900113;Warsower Weg
1675;Neukalen;1307110900209;Wasserstraße
1675;Neukalen;1307110900114;Wilhelm-Pieck-Straße
1675;Neukalen;1307110900216;Ziegelei
1676;Neustrelitz;1307111000506;Adolf-Friedrich-Straße
1676;Neustrelitz;1307111000101;Ahornweg
1676;Neustrelitz;1307111002294;Alte Gärtnerei
1676;Neustrelitz;1307111001601;Alte Mühlenstraße
1676;Neustrelitz;1307111000104;Alte Poststraße
1676;Neustrelitz;1307111002301;Am alten Schützenhaus
1676;Neustrelitz;1307111002201;Am Bahndamm
1676;Neustrelitz;1307111001502;Am Bahnhof
1676;Neustrelitz;1307111002202;Am Borgwall
1676;Neustrelitz;1307111002293;Am Borngraben
1676;Neustrelitz;1307111001110;Am Bruch
1676;Neustrelitz;1307111002303;Am Carolinenstift
1676;Neustrelitz;1307111002203;Am Domjüchsee
1676;Neustrelitz;1307111002274;Am Heizkraftwerk
1676;Neustrelitz;1307111002275;Am Kamp
1676;Neustrelitz;1307111002276;Am Kaulksee
1676;Neustrelitz;1307111002295;Am Kiefernwald
1676;Neustrelitz;1307111002204;Am Lugberg
1676;Neustrelitz;1307111002304;Am Stadthafen
1676;Neustrelitz;1307111000420;Am Tiergarten
1676;Neustrelitz;1307111002290;An der Bleiche
1676;Neustrelitz;1307111000102;An der Fasanerie
1676;Neustrelitz;1307111000901;An der Promenade
1676;Neustrelitz;1307111001503;An der Trift
1676;Neustrelitz;1307111000602;Augustastraße
1676;Neustrelitz;1307111001602;Bachstraße
1676;Neustrelitz;1307111001504;Bahnhofstraße
1676;Neustrelitz;1307111000601;Bahnhof Süd
1676;Neustrelitz;1307111000505;Bahnhofsweg
1676;Neustrelitz;1307111001603;Bauhof
1676;Neustrelitz;1307111000301;Beethovenstraße
1676;Neustrelitz;1307111001412;Benzins-Ausbau
1676;Neustrelitz;1307111001604;Berliner Chaussee
1676;Neustrelitz;1307111001901;Bertolt-Brecht-Straße
1676;Neustrelitz;1307111000201;Birkenweg
1676;Neustrelitz;1307111001505;Blanker Post
1676;Neustrelitz;1307111001605;Bohlenstraße
1676;Neustrelitz;1307111002240;Bohlsgang
1676;Neustrelitz;1307111001005;Bruchstraße
1676;Neustrelitz;1307111000403;Burg
1676;Neustrelitz;1307111000302;Bürgerhorststraße
1676;Neustrelitz;1307111002236;Bürgerseeweg
1676;Neustrelitz;1307111001612;Carl-Meier-Straße
1676;Neustrelitz;1307111000502;Carlstraße
1676;Neustrelitz;1307111002265;Carwitzer Pfad
1676;Neustrelitz;1307111002277;Christian-Daniel-Rauch-Platz
1676;Neustrelitz;1307111001606;Christiansburger Weg
1676;Neustrelitz;1307111001506;Daniel-Sanders-Straße
1676;Neustrelitz;1307111002286;Dorfstraße
1676;Neustrelitz;1307111002208;Drewin
1676;Neustrelitz;1307111002237;Drosselgang
1676;Neustrelitz;1307111001102;Dr.-Schwentner-Straße
1676;Neustrelitz;1307111000202;Egon-Erwin-Kisch-Straße
1676;Neustrelitz;1307111000114;Eichenhorst
1676;Neustrelitz;1307111000501;Elisabethstraße
1676;Neustrelitz;1307111002218;Emil-Kraepelin-Straße
1676;Neustrelitz;1307111001803;Ernst-Moritz-Arndt-Straße
1676;Neustrelitz;1307111002209;Eulenkamp
1676;Neustrelitz;1307111001907;Fabrikgrundstück
1676;Neustrelitz;1307111002210;Falkenstraße
1676;Neustrelitz;1307111002241;Färbergang
1676;Neustrelitz;1307111002211;Finkenschlag
1676;Neustrelitz;1307111001507;Försterei Kalkhorst
1676;Neustrelitz;1307111002263;Friedländer Eck
1676;Neustrelitz;1307111000404;Friedrich-Ludwig-Jahn-Straße
1676;Neustrelitz;1307111000906;Friedrich-Wilhelm-Buttel-Platz
1676;Neustrelitz;1307111000503;Friedrich-Wilhelm-Straße
1676;Neustrelitz;1307111001103;Fritz-Reuter-Straße
1676;Neustrelitz;1307111001607;Fürstenberger Straße
1676;Neustrelitz;1307111001608;Fürstenseer Landstraße
1676;Neustrelitz;1307111001303;Gartenstraße
1676;Neustrelitz;1307111001804;Georg-Herwegh-Straße
1676;Neustrelitz;1307111000304;Gerhart-Hauptmann-Straße
1676;Neustrelitz;1307111002212;Geschwister-Scholl-Straße
1676;Neustrelitz;1307111002213;Gewerbepark Ost
1676;Neustrelitz;1307111001001;Glambecker Nebenstraße
1676;Neustrelitz;1307111001007;Glambecker Straße
1676;Neustrelitz;1307111000205;Glasbrennerstraße
1676;Neustrelitz;1307111000305;Goethestraße
1676;Neustrelitz;1307111002214;Goldammerstieg
1676;Neustrelitz;1307111000306;Gottfried-Keller-Straße
1676;Neustrelitz;1307111002280;Graf-Blumenthal-Straße
1676;Neustrelitz;1307111002215;Groß Trebbow
1676;Neustrelitz;1307111001609;Grüner Baum
1676;Neustrelitz;1307111002252;Güstrower Straße
1676;Neustrelitz;1307111000203;Hans-Fallada-Straße
1676;Neustrelitz;1307111000406;Haus Ithaka
1676;Neustrelitz;1307111000307;Heinrich-Heine-Straße
1676;Neustrelitz;1307111002101;Heinrich-Mann-Straße
1676;Neustrelitz;1307111002242;Heinrich-Schliemann-Weg
1676;Neustrelitz;1307111001304;Helgoland
1676;Neustrelitz;1307111001104;Hermann-Thoms-Straße
1676;Neustrelitz;1307111000405;Hertelstraße
1676;Neustrelitz;1307111001509;Hittenkoferstraße
1676;Neustrelitz;1307111001702;Höhenstraße
1676;Neustrelitz;1307111001106;Hohenzieritzer Straße
1676;Neustrelitz;1307111000408;Hundehof
1676;Neustrelitz;1307111000105;Iserhorstweg
1676;Neustrelitz;1307111002216;Jägersteig
1676;Neustrelitz;1307111001610;Josef-Jakubowski-Straße
1676;Neustrelitz;1307111002273;Kalkhorst
1676;Neustrelitz;1307111001510;Kalkhorstweg
1676;Neustrelitz;1307111001611;Kapellenstraße
1676;Neustrelitz;1307111001802;Karbe-Wagner-Straße
1676;Neustrelitz;1307111002217;Karl-Stammer-Weg
1676;Neustrelitz;1307111000604;Kasernenstraße
1676;Neustrelitz;1307111000409;Kastanienallee
1676;Neustrelitz;1307111001511;Kegelbrück
1676;Neustrelitz;1307111001401;Kiebitzbruch
1676;Neustrelitz;1307111000206;Kiefernheide
1676;Neustrelitz;1307111002291;Kirschblütenweg
1676;Neustrelitz;1307111000207;Kirschenallee
1676;Neustrelitz;1307111001512;Kleiner Spiegelberg
1676;Neustrelitz;1307111001613;Koppelweg
1676;Neustrelitz;1307111002219;Kranichstraße
1676;Neustrelitz;1307111002220;Kühlhausberg
1676;Neustrelitz;1307111000208;Kurzer Weg
1676;Neustrelitz;1307111000116;Kuschelberg
1676;Neustrelitz;1307111002302;Küsterweg
1676;Neustrelitz;1307111000410;Langhagen
1676;Neustrelitz;1307111000411;Lankhorst
1676;Neustrelitz;1307111000106;Lessingstraße
1676;Neustrelitz;1307111002222;Lindenberg
1676;Neustrelitz;1307111002223;Lindenhöhe
1676;Neustrelitz;1307111002224;Lindenstraße
1676;Neustrelitz;1307111000107;Lindenweg
1676;Neustrelitz;1307111001107;Louisenstraße
1676;Neustrelitz;1307111002264;Ludwigsluster Damm
1676;Neustrelitz;1307111000607;Marienstraße
1676;Neustrelitz;1307111002268;Markgrafenweg
1676;Neustrelitz;1307111000903;Markt
1676;Neustrelitz;1307111001704;Martin-Andersen-Nexö-Straße
1676;Neustrelitz;1307111001705;Maxim-Gorki-Ring
1676;Neustrelitz;1307111002258;Mecklenburger Allee
1676;Neustrelitz;1307111002225;Meisenpfad
1676;Neustrelitz;1307111001002;Milowsgang
1676;Neustrelitz;1307111002262;Mirower Bogen
1676;Neustrelitz;1307111001614;Mühlenberg
1676;Neustrelitz;1307111002245;Mühlengang
1676;Neustrelitz;1307111001105;Mühlenstraße
1676;Neustrelitz;1307111001615;Neubrandenburger Straße
1676;Neustrelitz;1307111001706;Neuer Weg
1676;Neustrelitz;1307111002001;Pablo-Neruda-Ring
1676;Neustrelitz;1307111000412;Pappelallee
1676;Neustrelitz;1307111000413;Parkstraße
1676;Neustrelitz;1307111001305;Penzliner Straße
1676;Neustrelitz;1307111002103;Pestalozzistraße
1676;Neustrelitz;1307111002226;Petersilienstraße
1676;Neustrelitz;1307111002227;Posten 65
1676;Neustrelitz;1307111000422;Prälank-Dorf
1676;Neustrelitz;1307111002228;Prälank - Kalkofen
1676;Neustrelitz;1307111000424;Prälank-Siedlung
1676;Neustrelitz;1307111002260;Prillwitzer Weg
1676;Neustrelitz;1307111000309;Radelandweg
1676;Neustrelitz;1307111001701;Riefstahlstraße
1676;Neustrelitz;1307111000108;Rosenweg
1676;Neustrelitz;1307111002259;Rostocker Straße
1676;Neustrelitz;1307111002282;Rudi-Arndt-Platz
1676;Neustrelitz;1307111002288;Rudolf-Virchow-Weg
1676;Neustrelitz;1307111002229;Rudolf-Vogler-Straße
1676;Neustrelitz;1307111001402;Rudow
1676;Neustrelitz;1307111002283;Rudower Nebenstraße
1676;Neustrelitz;1307111001403;Rudower Straße
1676;Neustrelitz;1307111001306;Sandberg
1676;Neustrelitz;1307111001202;Sassenstraße
1676;Neustrelitz;1307111000310;Schillerstraße
1676;Neustrelitz;1307111000504;Schlachthofstraße
1676;Neustrelitz;1307111001513;Schlangenallee
1676;Neustrelitz;1307111000902;Schloßstraße
1676;Neustrelitz;1307111001514;Schulstraße
1676;Neustrelitz;1307111000606;Schwarzer Weg
1676;Neustrelitz;1307111002257;Schweriner Straße
1676;Neustrelitz;1307111001004;Seegang
1676;Neustrelitz;1307111000904;Seestraße
1676;Neustrelitz;1307111001307;Semmelweisstraße
1676;Neustrelitz;1307111001515;Sievertstraße
1676;Neustrelitz;1307111000115;Sonnenweg
1676;Neustrelitz;1307111001404;Sophienhof
1676;Neustrelitz;1307111002230;Starenwinkel
1676;Neustrelitz;1307111002261;Stargarder Ring
1676;Neustrelitz;1307111001618;Stendlitzstraße
1676;Neustrelitz;1307111002289;Storchenweg
1676;Neustrelitz;1307111001616;Straße der Freundschaft
1676;Neustrelitz;1307111000303;Strelitzer Chaussee
1676;Neustrelitz;1307111000801;Strelitzer Straße
1676;Neustrelitz;1307111001405;Tannenhof
1676;Neustrelitz;1307111001517;Tessmannshof
1676;Neustrelitz;1307111002102;Theodor-Storm-Straße
1676;Neustrelitz;1307111000608;Thurower Landstraße
1676;Neustrelitz;1307111000417;Tiergartenstraße
1676;Neustrelitz;1307111000704;Töpferberg
1676;Neustrelitz;1307111000905;Töpferstraße
1676;Neustrelitz;1307111001406;Torwitz
1676;Neustrelitz;1307111002231;Trebbower Landweg
1676;Neustrelitz;1307111000609;Twachtmannstraße
1676;Neustrelitz;1307111000418;Useriner Straße
1676;Neustrelitz;1307111001006;Venusberg
1676;Neustrelitz;1307111001518;Vogelsang
1676;Neustrelitz;1307111002300;Vorderster Kalkofen
1676;Neustrelitz;1307111000109;Waldsiedlung
1676;Neustrelitz;1307111002249;Wartburggang
1676;Neustrelitz;1307111001519;Weg am Spiegelberg
1676;Neustrelitz;1307111000110;Weg an der Fasanerie
1676;Neustrelitz;1307111002232;Weidenweg
1676;Neustrelitz;1307111001521;Wesenberger Chaussee
1676;Neustrelitz;1307111001520;Wesenberger Straße
1676;Neustrelitz;1307111002233;Wesenberger Weg
1676;Neustrelitz;1307111001409;Wiesenthal
1676;Neustrelitz;1307111000111;Wiesenweg
1676;Neustrelitz;1307111000703;Wilhelm-Riefstahl-Platz
1676;Neustrelitz;1307111001617;Wilhelm-Stolte-Straße
1676;Neustrelitz;1307111000112;Woldegker Chaussee
1676;Neustrelitz;1307111000113;Ziegeleiweg
1676;Neustrelitz;1307111001410;Zierke
1676;Neustrelitz;1307111001309;Zierker Nebenstraße
1676;Neustrelitz;1307111002284;Zierker Seegang
1676;Neustrelitz;1307111001308;Zierker Straße
1676;Neustrelitz;1307111002234;Zum Floßkanal
1676;Neustrelitz;1307111002235;Zum Kirchberg
1676;Neustrelitz;1307111000419;Zur Weißen Brücke
1677;Penzlin;1307111500201;Almsweg
1677;Penzlin;1307111500122;Alte Burg
1677;Penzlin;1307111507102;Am Alten Bahndamm
1677;Penzlin;1307111506206;Am Bahndamm
1677;Penzlin;1307111506302;Am Dorfplatz
1677;Penzlin;1307111504104;Am Dorfteich
1677;Penzlin;1307111505203;Am Feldweg
1677;Penzlin;1307111501106;Am Gutshof
1677;Penzlin;1307111506305;Am Gutspark
1677;Penzlin;1307111500123;Am Hang
1677;Penzlin;1307111501103;Am Hohlweg
1677;Penzlin;1307111500235;Am Kollofskamp
1677;Penzlin;1307111500227;Am Markt
1677;Penzlin;1307111500215;Am Mühlenbach
1677;Penzlin;1307111505101;Am Mühlengraben
1677;Penzlin;1307111505104;Am Park
1677;Penzlin;1307111502102;Am Reitplatz
1677;Penzlin;1307111500230;Am Sandberg
1677;Penzlin;1307111500236;Am Schmorter See
1677;Penzlin;1307111500101;Am See
1677;Penzlin;1307111505106;Am Teich
1677;Penzlin;1307111500102;Am Wall
1677;Penzlin;1307111503201;Am Zahrener See
1677;Penzlin;1307111505205;An den Höfen
1677;Penzlin;1307111504112;An der Kirche
1677;Penzlin;1307111501105;An der Schmiede
1677;Penzlin;1307111501102;An der Wache
1677;Penzlin;1307111504101;Ausbau
1677;Penzlin;1307111506203;Aver Weg
1677;Penzlin;1307111500216;Bahnhofplatz
1677;Penzlin;1307111500217;Bahnhofstraße
1677;Penzlin;1307111500103;Bahnsteig
1677;Penzlin;1307111500104;Beyerplatz
1677;Penzlin;1307111500223;Birkenweg
1677;Penzlin;1307111500231;Bollenweg
1677;Penzlin;1307111501206;Buchenweg
1677;Penzlin;1307111500226;Burggarten
1677;Penzlin;1307111500105;Burgstraße
1677;Penzlin;1307111506101;Carlstein
1677;Penzlin;1307111501108;Dorfgemeinschaftshaus
1677;Penzlin;1307111507101;Dorfstraße
1677;Penzlin;1307111500204;Döring
1677;Penzlin;1307111501213;Eichenweg
1677;Penzlin;1307111504103;Eigenheimstraße
1677;Penzlin;1307111500106;Erdberg
1677;Penzlin;1307111501107;Eschenhaus
1677;Penzlin;1307111501204;Fliederweg
1677;Penzlin;1307111504109;Flotower Straße
1677;Penzlin;1307111500205;Gartenweg
1677;Penzlin;1307111500213;Gärtnereistraße
1677;Penzlin;1307111500107;Grapenwerderstraße
1677;Penzlin;1307111500108;Große Straße
1677;Penzlin;1307111502105;Gut Flotow
1677;Penzlin;1307111501109;Gutshaus
1677;Penzlin;1307111503101;Hans-Beimler-Straße
1677;Penzlin;1307111503203;Hartwigsdorfer Weg
1677;Penzlin;1307111501141;Haselberg
1677;Penzlin;1307111500109;Hasengarten
1677;Penzlin;1307111501110;Haus Baden
1677;Penzlin;1307111501111;Haus Bayern
1677;Penzlin;1307111501112;Haus Berlin
1677;Penzlin;1307111501113;Haus Bremen
1677;Penzlin;1307111501114;Haus Dresden
1677;Penzlin;1307111501115;Haus Hamburg
1677;Penzlin;1307111501136;Haus Heidelberg
1677;Penzlin;1307111501116;Haus Hessen
1677;Penzlin;1307111501117;Haus Kurhessen
1677;Penzlin;1307111501118;Haus Kurmark
1677;Penzlin;1307111501119;Haus Leipzig
1677;Penzlin;1307111501120;Haus Lübeck
1677;Penzlin;1307111501121;Haus Mecklenburg
1677;Penzlin;1307111501122;Haus München
1677;Penzlin;1307111501123;Haus Niedersachsen
1677;Penzlin;1307111501124;Haus Pommern
1677;Penzlin;1307111501125;Haus Rheinland
1677;Penzlin;1307111501126;Haus Sachsen
1677;Penzlin;1307111501127;Haus Sachsen-Anhalt
1677;Penzlin;1307111501128;Haus Schlesien
1677;Penzlin;1307111501129;Haus Schleswig-Holstein
1677;Penzlin;1307111501130;Haus Thüringen
1677;Penzlin;1307111501131;Haus Westfalen
1677;Penzlin;1307111501132;Haus Württemberg
1677;Penzlin;1307111500110;Hirtenstraße
1677;Penzlin;1307111504108;Hofstraße
1677;Penzlin;1307111501210;Kanalweg
1677;Penzlin;1307111502104;Kastanienallee
1677;Penzlin;1307111503103;Kiebitzmoor
1677;Penzlin;1307111501137;Kirche
1677;Penzlin;1307111500111;Kirchstraße
1677;Penzlin;1307111501138;Kita
1677;Penzlin;1307111500112;Kleine Straße
1677;Penzlin;1307111502201;Klein Flotow
1677;Penzlin;1307111503102;Klein-Vielener-Straße
1677;Penzlin;1307111504106;Koppelweg
1677;Penzlin;1307111501133;Küsterhaus
1677;Penzlin;1307111500237;Ladestraße
1677;Penzlin;1307111501134;Landgasthof Rethra
1677;Penzlin;1307111506303;Lange Straße
1677;Penzlin;1307111500225;Lindenweg
1677;Penzlin;1307111500125;Lübkow
1677;Penzlin;1307111500113;Mauerstraße
1677;Penzlin;1307111507201;Meierei
1677;Penzlin;1307111503204;Mittelweg
1677;Penzlin;1307111505204;Mollenstorfer Straße
1677;Penzlin;1307111503205;Mollenstorfer Weg
1677;Penzlin;1307111501218;Mühlendamm
1677;Penzlin;1307111500218;Mühlenstraße
1677;Penzlin;1307111500114;Neubrandenburger Chaussee
1677;Penzlin;1307111500206;Neue Straße
1677;Penzlin;1307111500126;Neuhof
1677;Penzlin;1307111500207;Neustrelitzer Chaussee
1677;Penzlin;1307111501211;Neu Wustrow
1677;Penzlin;1307111500234;Pappelweg
1677;Penzlin;1307111507103;Parkstraße
1677;Penzlin;1307111507301;Passentin
1677;Penzlin;1307111501217;Penzliner Damm
1677;Penzlin;1307111501135;Pfarrhaus
1677;Penzlin;1307111501219;Pflaumenweg
1677;Penzlin;1307111500219;Puchower Chaussee
1677;Penzlin;1307111506304;Puchower Weg
1677;Penzlin;1307111504113;Rosenallee
1677;Penzlin;1307111505107;Rumpshagener Weg
1677;Penzlin;1307111500229;Scheunenweg
1677;Penzlin;1307111507104;Schlossallee
1677;Penzlin;1307111501139;Schlosspark
1677;Penzlin;1307111500208;Schmortburg
1677;Penzlin;1307111500220;Schmortsiedlung
1677;Penzlin;1307111506204;Seebergstraße
1677;Penzlin;1307111500233;Seeblick
1677;Penzlin;1307111500127;Siehdichum
1677;Penzlin;1307111500116;Speckstraße
1677;Penzlin;1307111500222;Stavenhagener Straße
1677;Penzlin;1307111500118;Turmstraße
1677;Penzlin;1307111505103;Vielener Weg
1677;Penzlin;1307111502103;Voßfelder Allee
1677;Penzlin;1307111500119;Voßstraße
1677;Penzlin;1307111500209;Warener Chaussee
1677;Penzlin;1307111500210;Warener Straße
1677;Penzlin;1307111500224;Wasserweg
1677;Penzlin;1307111500120;Weberstraße
1677;Penzlin;1307111500124;Weg zum Stau
1677;Penzlin;1307111501207;Weidenweg
1677;Penzlin;1307111500128;Werder
1677;Penzlin;1307111500211;Wiesengrund
1677;Penzlin;1307111501205;Wiesenweg
1677;Penzlin;1307111500121;Wilhelm-Scharff-Allee
1677;Penzlin;1307111500212;Ziegelkamp
1677;Penzlin;1307111506205;Zum Pfarrhaus
1677;Penzlin;1307111505108;Zum Rillenstein
1678;Röbel;1307112400408;Achter de Muer
1678;Röbel;1307112400618;Ahornallee
1678;Röbel;1307112400409;Alte Dampferbrücke
1678;Röbel;1307112400101;Am Bahnhof
1678;Röbel;1307112400507;Am Gildekamp
1678;Röbel;1307112400510;Am Hafen
1678;Röbel;1307112400624;Am Kirchenholz
1678;Röbel;1307112400102;Am Krankenhaus
1678;Röbel;1307112400103;Am Rosenwinkel
1678;Röbel;1307112400501;Am Weidehang
1678;Röbel;1307112400627;An de Wisch
1678;Röbel;1307112400111;Bahnhofstraße
1678;Röbel;1307112400608;Birkenallee
1678;Röbel;1307112400609;Bitterfeld
1678;Röbel;1307112400138;Buchenallee
1678;Röbel;1307112400502;Clara-Zetkin-Straße
1678;Röbel;1307112400506;Dr.-Kosmowski-Straße
1678;Röbel;1307112400401;Enge Straße
1678;Röbel;1307112400108;Friesensportplatz
1678;Röbel;1307112400301;Fritz-Reuter-Straße
1678;Röbel;1307112400104;Fronerei
1678;Röbel;1307112400202;Gartenstraße
1678;Röbel;1307112400105;Glienholzweg
1678;Röbel;1307112400106;Gotthunskamp
1678;Röbel;1307112400302;Große Stavenstraße
1678;Röbel;1307112400503;Gustav-Melkert-Straße
1678;Röbel;1307112400304;Hanne-Nüte-Straße
1678;Röbel;1307112400305;Hohe Straße
1678;Röbel;1307112400402;Im Ort
1678;Röbel;1307112400505;Juri-Gagarin-Straße
1678;Röbel;1307112400306;Kirchplatz
1678;Röbel;1307112400617;Kirschenallee
1678;Röbel;1307112400307;Kleine Stavenstraße
1678;Röbel;1307112400308;Klosterstraße
1678;Röbel;1307112400112;Kroneiche
1678;Röbel;1307112400309;Kurze Straße
1678;Röbel;1307112400601;Lindenallee
1678;Röbel;1307112400620;Löhner Weg
1678;Röbel;1307112400204;Ludorfer Weg
1678;Röbel;1307112400603;Marienfelder Straße
1678;Röbel;1307112400602;Marienfelder Weg
1678;Röbel;1307112400313;Marktplatz
1678;Röbel;1307112400310;Mauerstraße
1678;Röbel;1307112400114;Minzower Straße
1678;Röbel;1307112400201;Mirower Straße
1678;Röbel;1307112400311;Mönchkirchhof
1678;Röbel;1307112400403;Mönchteich
1678;Röbel;1307112400404;Mühlenberg
1678;Röbel;1307112400303;Mühlenstraße
1678;Röbel;1307112400205;Mühlentor
1678;Röbel;1307112400623;Müritzblick
1678;Röbel;1307112400604;Müritzpromenade
1678;Röbel;1307112400312;Pferdemarkt
1678;Röbel;1307112400107;Plauer Straße
1678;Röbel;1307112400405;Predigerstraße
1678;Röbel;1307112400203;Ringstraße
1678;Röbel;1307112400314;Roßstraße
1678;Röbel;1307112400504;Schulstraße
1678;Röbel;1307112400607;Seebadstraße
1678;Röbel;1307112400206;Solzower Weg
1678;Röbel;1307112400109;Stadtgarten
1678;Röbel;1307112400606;Stadtrandsiedlung
1678;Röbel;1307112400208;Steindamm
1678;Röbel;1307112400406;Straße der Deutschen Einheit
1678;Röbel;1307112400407;Straße des Friedens
1678;Röbel;1307112400207;Töpferwall
1678;Röbel;1307112400110;Turnplatz
1678;Röbel;1307112400622;Uferpromenade
1678;Röbel;1307112400315;Unkel-Bräsig-Strat
1678;Röbel;1307112400625;Unter den Eichen
1678;Röbel;1307112400613;Unter den Kiefern
1678;Röbel;1307112400605;Urlauberdorf
1678;Röbel;1307112400508;Wallpromenade
1678;Röbel;1307112400621;Wardenburger Weg
1678;Röbel;1307112400509;Warener Chaussee
1678;Röbel;1307112400626;Wiesenblick
1678;Röbel;1307112400113;Wiesengrund
1678;Röbel;1307112400316;Wiesenstraße
1678;Röbel;1307112400211;Wünnowweg
1678;Röbel;1307112400209;Ziegelei
1678;Röbel;1307112400210;Zielower Weg
1679;Stavenhagen;1307114200101;Alter Sportplatz
1679;Stavenhagen;1307114200108;Alte Schulstraße
1679;Stavenhagen;1307114200601;Am See
1679;Stavenhagen;1307114200102;Amtsbrink
1679;Stavenhagen;1307114201002;Am Zwergenwald
1679;Stavenhagen;1307114200123;An der Reutereiche
1679;Stavenhagen;1307114200126;An der Schleife
1679;Stavenhagen;1307114200103;August-Bebel-Straße
1679;Stavenhagen;1307114200301;August-Seidel-Straße
1679;Stavenhagen;1307114200402;Bahnhof
1679;Stavenhagen;1307114200701;Basepohl
1679;Stavenhagen;1307114200706;Basepohl am Wald
1679;Stavenhagen;1307114200401;Basepohler Straße
1679;Stavenhagen;1307114200312;Bei den Gärten
1679;Stavenhagen;1307114200104;Bei der Kirche
1679;Stavenhagen;1307114200105;Blaumenweg
1679;Stavenhagen;1307114200106;Bleiche
1679;Stavenhagen;1307114200125;Bütt-Soll-Weg
1679;Stavenhagen;1307114200107;Dörchläuchtingstrat
1679;Stavenhagen;1307114200505;Dr.-Martin-Janke-Weg
1679;Stavenhagen;1307114200207;Ernst-Lübbert-Weg
1679;Stavenhagen;1307114200403;Feldstraße
1679;Stavenhagen;1307114200109;Franzosenweg
1679;Stavenhagen;1307114200201;Fritz-Reuter-Straße
1679;Stavenhagen;1307114200501;Geschwister-Scholl-Straße
1679;Stavenhagen;1307114200302;Goethestraße
1679;Stavenhagen;1307114200303;Gülzower Damm
1679;Stavenhagen;1307114200110;Hanne-Nüte-Strat
1679;Stavenhagen;1307114200502;Heinrich-Heine-Straße
1679;Stavenhagen;1307114200404;Hinter der Bahn
1679;Stavenhagen;1307114200304;Hopfenhofweg
1679;Stavenhagen;1307114200202;Ivenacker Straße
1679;Stavenhagen;1307114200503;Kameruner Weg
1679;Stavenhagen;1307114200704;Kaserne Meckl. Schweiz
1679;Stavenhagen;1307114200801;Klockow
1679;Stavenhagen;1307114200901;Kölpin
1679;Stavenhagen;1307114200707;Lützowstraße
1679;Stavenhagen;1307114200308;Malchiner Straße
1679;Stavenhagen;1307114200203;Markt
1679;Stavenhagen;1307114200122;Mudder-Schulten-Straat
1679;Stavenhagen;1307114200310;Neubauhof
1679;Stavenhagen;1307114200111;Neubrandenburger Straße
1679;Stavenhagen;1307114200305;Neue Straße
1679;Stavenhagen;1307114200120;Neu-Jürgenstorf
1679;Stavenhagen;1307114200406;Niels-Stensen-Straße
1679;Stavenhagen;1307114200703;Preetzer Straße
1679;Stavenhagen;1307114201001;Pribbenow
1679;Stavenhagen;1307114200112;Pribbenower Weg
1679;Stavenhagen;1307114200407;Reuterplatz
1679;Stavenhagen;1307114200113;Reutershof
1679;Stavenhagen;1307114200128;Rösterweg
1679;Stavenhagen;1307114200114;Sandkamp
1679;Stavenhagen;1307114200307;Scheunenweg
1679;Stavenhagen;1307114200410;Schlachthofweg
1679;Stavenhagen;1307114200204;Schloß
1679;Stavenhagen;1307114200409;Schultetusstraße
1679;Stavenhagen;1307114200306;Stadthof
1679;Stavenhagen;1307114200408;Stadtholz
1679;Stavenhagen;1307114200121;Stavenhof
1679;Stavenhagen;1307114200504;Straße am Wasserturm
1679;Stavenhagen;1307114200311;Straße des Friedens
1679;Stavenhagen;1307114200115;Tannenweg
1679;Stavenhagen;1307114200705;Thomas-Dachser-Straße
1679;Stavenhagen;1307114200116;Treptower Straße
1679;Stavenhagen;1307114200117;Unkel-Bräsig-Strat
1679;Stavenhagen;1307114200309;Wallstraße
1679;Stavenhagen;1307114200118;Warener Straße
1679;Stavenhagen;1307114200119;Wasserwerk
1679;Stavenhagen;1307114200205;Weberstraße
1679;Stavenhagen;1307114200124;Werdohler Straße
1679;Stavenhagen;1307114200702;Wüstgrabow
1658;Waren(Müritz);1307115601504;Adlerstraße
1658;Waren(Müritz);1307115600318;Ahornweg
1658;Waren(Müritz);1307115600501;Alter Markt
1658;Waren(Müritz);1307115600323;Alte Sarwiesen
1658;Waren(Müritz);1307115601602;Alt Falkenhagen
1658;Waren(Müritz);1307115600701;Am Alten Bahndamm
1658;Waren(Müritz);1307115600324;Am Beeseshof
1658;Waren(Müritz);1307115600710;Am Bungenberg
1658;Waren(Müritz);1307115600702;Am Ellernbruch
1658;Waren(Müritz);1307115601879;Am Gregoriusberg
1658;Waren(Müritz);1307115600703;Am Güterbahnhof
1658;Waren(Müritz);1307115601514;Am Gutshaus
1658;Waren(Müritz);1307115601850;Am Hasenkamp
1658;Waren(Müritz);1307115600217;Am Kurpark
1658;Waren(Müritz);1307115601807;Am Melzer See
1658;Waren(Müritz);1307115600502;Am Mühlenberg
1658;Waren(Müritz);1307115600316;Am Müritzstadion
1658;Waren(Müritz);1307115600201;Am Nesselberg
1658;Waren(Müritz);1307115600704;Am Neuen Graben
1658;Waren(Müritz);1307115601808;Am Pappelgrund
1658;Waren(Müritz);1307115601851;Am Roebelmann
1658;Waren(Müritz);1307115600615;Am Rosengarten
1658;Waren(Müritz);1307115601880;Am Rothengrund
1658;Waren(Müritz);1307115600319;Am Sander
1658;Waren(Müritz);1307115600705;Amsee
1658;Waren(Müritz);1307115600706;Amsee Haus Buchen
1658;Waren(Müritz);1307115600102;Am Seeufer
1658;Waren(Müritz);1307115601505;Amselweg
1658;Waren(Müritz);1307115600301;Am Stadtrand
1658;Waren(Müritz);1307115601872;Am Teschenberg
1658;Waren(Müritz);1307115600110;Am Teufelsbruch
1658;Waren(Müritz);1307115600719;Am Tiefwarensee
1658;Waren(Müritz);1307115601871;Am Torfbruch
1658;Waren(Müritz);1307115600610;Am Turnplatz
1658;Waren(Müritz);1307115600601;Am Volksbad
1658;Waren(Müritz);1307115601632;Am Wald
1658;Waren(Müritz);1307115600325;Am Warensberg
1658;Waren(Müritz);1307115600311;Am Werder
1658;Waren(Müritz);1307115600103;Am Wienpietschweg
1658;Waren(Müritz);1307115600707;Am Wiesengrund
1658;Waren(Müritz);1307115600302;An den Schuhmacherkämpen
1658;Waren(Müritz);1307115600101;An der Feisneck
1658;Waren(Müritz);1307115601301;An der Reeck
1658;Waren(Müritz);1307115600203;Auf dem Nesselberg
1658;Waren(Müritz);1307115600801;August-Bebel-Straße
1658;Waren(Müritz);1307115600509;Bahnhofstraße
1658;Waren(Müritz);1307115600708;Beethovenstraße
1658;Waren(Müritz);1307115601853;Birkenstraße
1658;Waren(Müritz);1307115601804;Birkenweg
1658;Waren(Müritz);1307115601001;Blumenstraße
1658;Waren(Müritz);1307115600303;Bornstraße
1658;Waren(Müritz);1307115600326;Bredeweg
1658;Waren(Müritz);1307115601002;Breitscheidstraße
1658;Waren(Müritz);1307115600709;Buchenweg
1658;Waren(Müritz);1307115601809;Bungenkamp
1658;Waren(Müritz);1307115601702;Bürgermeister-Schlaaff-Straße
1658;Waren(Müritz);1307115601506;Bussardstraße
1658;Waren(Müritz);1307115601801;Carl-Hainmüller-Straße
1658;Waren(Müritz);1307115601201;Carl-Moltmann-Straße
1658;Waren(Müritz);1307115601803;Carl-Struck-Straße
1658;Waren(Müritz);1307115600901;Clara-Zetkin-Straße
1658;Waren(Müritz);1307115601103;Dietrich-Bonhoeffer-Straße
1658;Waren(Müritz);1307115601501;Dorfstraße
1658;Waren(Müritz);1307115600304;Eichholzstraße
1658;Waren(Müritz);1307115600602;Einsteinstraße
1658;Waren(Müritz);1307115601302;Eldenholz
1658;Waren(Müritz);1307115601510;Elsterweg
1658;Waren(Müritz);1307115601882;Enoch-Zander-Straße
1658;Waren(Müritz);1307115600722;Erlenweg
1658;Waren(Müritz);1307115601204;Ernst-Alban-Straße
1658;Waren(Müritz);1307115601003;Ernst-Thälmann-Straße
1658;Waren(Müritz);1307115601810;Eschenweg
1658;Waren(Müritz);1307115601507;Eulenstraße
1658;Waren(Müritz);1307115600711;Falkenhäger Weg
1658;Waren(Müritz);1307115601511;Fasanenweg
1658;Waren(Müritz);1307115600204;Federower Weg
1658;Waren(Müritz);1307115601837;Feisneckblick
1658;Waren(Müritz);1307115600205;Feldstraße
1658;Waren(Müritz);1307115601004;Fichtestraße
1658;Waren(Müritz);1307115600402;Fischerstraße
1658;Waren(Müritz);1307115600614;Fliederweg
1658;Waren(Müritz);1307115600105;Fontanestraße
1658;Waren(Müritz);1307115601005;Freiheitsstraße
1658;Waren(Müritz);1307115600503;Friedensstraße
1658;Waren(Müritz);1307115600902;Friedrich-Engels-Platz
1658;Waren(Müritz);1307115601811;Friedrich-Wilhelm-Raiffeisen-Straße
1658;Waren(Müritz);1307115600802;Fritz-Reuter-Straße
1658;Waren(Müritz);1307115600803;Gartenstraße
1658;Waren(Müritz);1307115601869;Gartenweg
1658;Waren(Müritz);1307115600603;Gerhart-Hauptmann-Allee
1658;Waren(Müritz);1307115600510;Gerichtsweg
1658;Waren(Müritz);1307115601101;Geschwister-Scholl-Straße
1658;Waren(Müritz);1307115601870;Gewerbegebiet Eichholzstraße
1658;Waren(Müritz);1307115600305;Gievitzer Straße
1658;Waren(Müritz);1307115600712;Glockengießerweg
1658;Waren(Müritz);1307115601874;Godower Weg
1658;Waren(Müritz);1307115600604;Goethestraße
1658;Waren(Müritz);1307115600403;Große Burgstraße
1658;Waren(Müritz);1307115600206;Große Gasse
1658;Waren(Müritz);1307115600404;Große Grüne Straße
1658;Waren(Müritz);1307115600207;Große Wasserstraße
1658;Waren(Müritz);1307115601813;Güstrower Straße
1658;Waren(Müritz);1307115600504;Hafenstraße
1658;Waren(Müritz);1307115601102;Hans-Beimler-Straße
1658;Waren(Müritz);1307115601631;Hauptstraße
1658;Waren(Müritz);1307115600903;Heinrich-Heine-Straße
1658;Waren(Müritz);1307115601814;Heinrich-Scheven-Straße
1658;Waren(Müritz);1307115601815;Heinrich-Seidel-Straße
1658;Waren(Müritz);1307115600606;Helmut-von-Gerlach-Straße
1658;Waren(Müritz);1307115600908;Hermann-Graupmann-Straße
1658;Waren(Müritz);1307115601857;Herrenseebrücke
1658;Waren(Müritz);1307115600907;Johann-Heinrich-von-Thünen-Straße
1658;Waren(Müritz);1307115600804;Johann-Sebastian-Bach-Straße
1658;Waren(Müritz);1307115600608;Kameruner Weg
1658;Waren(Müritz);1307115600208;Kargower Weg
1658;Waren(Müritz);1307115601802;Karl-Bartels-Straße
1658;Waren(Müritz);1307115600607;Karl-Liebknecht-Straße
1658;Waren(Müritz);1307115601007;Karl-Marx-Straße
1658;Waren(Müritz);1307115601806;Kiefernweg
1658;Waren(Müritz);1307115600609;Kietzstraße
1658;Waren(Müritz);1307115601892;Kietzterrassen
1658;Waren(Müritz);1307115600405;Kirchenstraße
1658;Waren(Müritz);1307115601704;Kirschenweg
1658;Waren(Müritz);1307115600406;Kleine Burgstraße
1658;Waren(Müritz);1307115600407;Kleine Grüne Straße
1658;Waren(Müritz);1307115600408;Kleine Wasserstraße
1658;Waren(Müritz);1307115601888;Kleyhufen
1658;Waren(Müritz);1307115600328;Krammbruch
1658;Waren(Müritz);1307115601508;Kranichstraße
1658;Waren(Müritz);1307115601890;Krötenweg
1658;Waren(Müritz);1307115600409;Lange Straße
1658;Waren(Müritz);1307115601877;Lerchenweg
1658;Waren(Müritz);1307115601860;Lindenstraße
1658;Waren(Müritz);1307115601861;Lindenweg
1658;Waren(Müritz);1307115600713;Lloydstraße
1658;Waren(Müritz);1307115600714;Malchiner Straße
1658;Waren(Müritz);1307115601822;Marktstraße
1658;Waren(Müritz);1307115601824;Mauergasse
1658;Waren(Müritz);1307115601701;Mecklenburger Straße
1658;Waren(Müritz);1307115601823;Mittelweg
1658;Waren(Müritz);1307115601512;Möwenweg
1658;Waren(Müritz);1307115600805;Mozartstraße
1658;Waren(Müritz);1307115600505;Mühlenstraße
1658;Waren(Müritz);1307115600106;Müritzhof
1658;Waren(Müritz);1307115600210;Müritzstraße
1658;Waren(Müritz);1307115600410;Neuer Markt
1658;Waren(Müritz);1307115600211;Oberwallstraße
1658;Waren(Müritz);1307115601816;Otto-Intze-Straße
1658;Waren(Müritz);1307115601707;Panorama-Ring
1658;Waren(Müritz);1307115600212;Papenbergstraße
1658;Waren(Müritz);1307115600327;Pattkamp
1658;Waren(Müritz);1307115600616;Paul-Puls-Weg
1658;Waren(Müritz);1307115600715;Paulshöhe
1658;Waren(Müritz);1307115601008;Pestalozzistraße
1658;Waren(Müritz);1307115600506;Rabengasse
1658;Waren(Müritz);1307115600307;Radenkämpen
1658;Waren(Müritz);1307115601838;Rederangweg
1658;Waren(Müritz);1307115601509;Reiherstraße
1658;Waren(Müritz);1307115600507;Richard-Wossidlo-Straße
1658;Waren(Müritz);1307115600508;Richterstraße
1658;Waren(Müritz);1307115601104;Röbeler Chaussee
1658;Waren(Müritz);1307115601703;Rosa-Luxemburg-Straße
1658;Waren(Müritz);1307115600411;Rosenstraße
1658;Waren(Müritz);1307115600213;Rosenthalstraße
1658;Waren(Müritz);1307115601708;Salzkamp
1658;Waren(Müritz);1307115600308;Sandkamp
1658;Waren(Müritz);1307115600412;Sankt-Georgen-Kirchplatz
1658;Waren(Müritz);1307115601891;Schilfallee
1658;Waren(Müritz);1307115600611;Schillerstraße
1658;Waren(Müritz);1307115601304;Schleswiger Straße
1658;Waren(Müritz);1307115601634;Schönauer Straße
1658;Waren(Müritz);1307115600413;Schulstraße
1658;Waren(Müritz);1307115600414;Schützenstraße
1658;Waren(Müritz);1307115600321;Schwarzer Weg
1658;Waren(Müritz);1307115601401;Schwenzin
1658;Waren(Müritz);1307115601502;Schwenziner Straße
1658;Waren(Müritz);1307115600317;Siedlungsweg
1658;Waren(Müritz);1307115601817;Siegfried-Marcus-Straße
1658;Waren(Müritz);1307115600108;Specker Straße
1658;Waren(Müritz);1307115601303;Springer Straße
1658;Waren(Müritz);1307115601306;Stauffenbergplatz
1658;Waren(Müritz);1307115601635;Sternhausweg
1658;Waren(Müritz);1307115601866;Strandpromenade
1658;Waren(Müritz);1307115600415;Strandstraße
1658;Waren(Müritz);1307115600309;Strelitzer Straße
1658;Waren(Müritz);1307115601503;Teterower Chaussee
1658;Waren(Müritz);1307115600904;Teterower Straße
1658;Waren(Müritz);1307115600905;Thomas-Mann-Straße
1658;Waren(Müritz);1307115600214;Unterwallstraße
1658;Waren(Müritz);1307115600721;Villenpark am Tiefwarensee
1658;Waren(Müritz);1307115600310;Vogelsang
1658;Waren(Müritz);1307115600612;Walther-Rathenau-Straße
1658;Waren(Müritz);1307115601818;Warendorfer Straße
1658;Waren(Müritz);1307115601867;Warener Straße
1658;Waren(Müritz);1307115600906;Warenshöfer Weg
1658;Waren(Müritz);1307115600716;Weinbergstraße
1658;Waren(Müritz);1307115600314;Werdersiedlung
1658;Waren(Müritz);1307115600312;Werderweg
1658;Waren(Müritz);1307115600720;Wieseneck
1658;Waren(Müritz);1307115600717;Wiesenstraße
1658;Waren(Müritz);1307115600313;Windmühlenweg
1658;Waren(Müritz);1307115601009;Witzlebenstraße
1658;Waren(Müritz);1307115601706;Zu den Kirchentannen
1658;Waren(Müritz);1307115601868;Zu den Linden
1658;Waren(Müritz);1307115601878;Zu den Stadtwerken
1658;Waren(Müritz);1307115601873;Zum Amtsbrink
1658;Waren(Müritz);1307115601633;Zum Dorfteich
1658;Waren(Müritz);1307115601819;Zum Kiebitzberg
1658;Waren(Müritz);1307115601889;Zum Mevenbruch
1658;Waren(Müritz);1307115601705;Zum Pfennigsberg
1658;Waren(Müritz);1307115601821;Zur Steinmole
1658;Waren(Müritz);1307115601876;Zur Stillen Bucht
1680;Wesenberg;1307115900201;Ahrensberger Weg
1680;Wesenberg;1307115900833;Alte Försterei
1680;Wesenberg;1307115900832;Alte Havel
1680;Wesenberg;1307115900401;Am Bahnhof
1680;Wesenberg;1307115900838;Am Borgwall
1680;Wesenberg;1307115900831;Am Drewensee
1680;Wesenberg;1307115900816;Am Ellbogensee
1680;Wesenberg;1307115900837;Am Glockengraben
1680;Wesenberg;1307115900704;Am Hang
1680;Wesenberg;1307115900705;Am Hoben
1680;Wesenberg;1307115900839;Am Hölkowschen Berg
1680;Wesenberg;1307115900415;Am Jungfernstieg
1680;Wesenberg;1307115900820;Am Kirchberg
1680;Wesenberg;1307115900501;Am Labus
1680;Wesenberg;1307115900826;Am Pälitzblick
1680;Wesenberg;1307115900706;Am Pump
1680;Wesenberg;1307115900502;Am Weißen See
1680;Wesenberg;1307115900841;Am Zühlensee
1680;Wesenberg;1307115900301;Bahnhofstraße
1680;Wesenberg;1307115900828;Belower Straße
1680;Wesenberg;1307115900602;Below Teerofen
1680;Wesenberg;1307115900202;Bresebrink
1680;Wesenberg;1307115900842;Bungalowsiedlung 5 Spargelacker
1680;Wesenberg;1307115900810;Bungalowsiedlung 6 Waldsiedlung
1680;Wesenberg;1307115900605;Bungalowsiedlung Klein Quassow
1680;Wesenberg;1307115900101;Burg
1680;Wesenberg;1307115900102;Burggasse
1680;Wesenberg;1307115900320;Burgwallgang
1680;Wesenberg;1307115900103;Burgweg
1680;Wesenberg;1307115900847;Camp am Ellbogensee
1680;Wesenberg;1307115900703;Dorfstraße
1680;Wesenberg;1307115900303;Drosedower Weg
1680;Wesenberg;1307115900822;Eichenweg
1680;Wesenberg;1307115900104;Fischereihof
1680;Wesenberg;1307115900304;Fischersteig
1680;Wesenberg;1307115900817;Fürstenberger Weg
1680;Wesenberg;1307115900829;Galgenbruch
1680;Wesenberg;1307115900214;Gartenanlage Ahrensberger Weg
1680;Wesenberg;1307115900403;Grabenstraße
1680;Wesenberg;1307115900836;Gutshof
1680;Wesenberg;1307115900802;Hartenland
1680;Wesenberg;1307115900203;Havelmühle
1680;Wesenberg;1307115900824;Havelweg
1680;Wesenberg;1307115900204;Hohe Straße
1680;Wesenberg;1307115900404;Holländer Baracken
1680;Wesenberg;1307115900405;In den Wällen
1680;Wesenberg;1307115900305;Jägergraben
1680;Wesenberg;1307115900306;Johannesruh
1680;Wesenberg;1307115900406;Klein Quassow
1680;Wesenberg;1307115900205;Kreuzstraße
1680;Wesenberg;1307115900808;Lindenhof
1680;Wesenberg;1307115900408;Lindenstraße
1680;Wesenberg;1307115900107;Markt
1680;Wesenberg;1307115900308;Mirower Chaussee
1680;Wesenberg;1307115900108;Mittelstraße
1680;Wesenberg;1307115900110;Neustrelitzer Chaussee
1680;Wesenberg;1307115900812;Pelzkuhl
1680;Wesenberg;1307115900823;Pelzkuhler Straße
1680;Wesenberg;1307115900818;Prieperter Landstraße
1680;Wesenberg;1307115900410;Quassower Weg
1680;Wesenberg;1307115900210;Ringstraße
1680;Wesenberg;1307115900311;Sandhof
1680;Wesenberg;1307115900212;Schleuse
1680;Wesenberg;1307115900821;Schleusengasse
1680;Wesenberg;1307115900111;Seestraße
1680;Wesenberg;1307115900702;Siedenheide
1680;Wesenberg;1307115900411;Siedlung
1680;Wesenberg;1307115900819;Steinstraße
1680;Wesenberg;1307115900312;Straße des Friedens
1680;Wesenberg;1307115900213;Tanneneck
1680;Wesenberg;1307115900313;Tiergartenstraße
1680;Wesenberg;1307115900109;Vor dem Mühlentor
1680;Wesenberg;1307115900314;Vor dem Wendischen Tor
1680;Wesenberg;1307115900834;Waldweg
1680;Wesenberg;1307115900603;Weidenweg
1680;Wesenberg;1307115900827;Weinbergstraße
1680;Wesenberg;1307115900830;Wildhof
1680;Wesenberg;1307115900315;Wilhelmshöh
1680;Wesenberg;1307115900713;Woblitzweg
1680;Wesenberg;1307115900316;Wustrower Chaussee
1680;Wesenberg;1307115900825;Zur Flake
1680;Wesenberg;1307115900317;Zwenzower Weg
1667;Woldegk;1307116400370;Ahornweg
1667;Woldegk;1307116400395;Alte Försterei
1667;Woldegk;1307116400801;Alte Landstraße
1667;Woldegk;1307116400101;Am Berge
1667;Woldegk;1307116400406;Am Bullenberg
1667;Woldegk;1307116400361;Am Burggraben
1667;Woldegk;1307116400390;Am Park
1667;Woldegk;1307116400396;Am Presterpohl
1667;Woldegk;1307116400381;Am Speicher
1667;Woldegk;1307116400380;Am Wanderweg
1667;Woldegk;1307116400350;Am Wendeplatz
1667;Woldegk;1307116400369;An der B 198
1667;Woldegk;1307116400102;An der Eisenbahn
1667;Woldegk;1307116400103;August-Bebel-Straße
1667;Woldegk;1307116400407;Bahnhof
1667;Woldegk;1307116400201;Bahnhofstraße
1667;Woldegk;1307116400379;Balliner Straße
1667;Woldegk;1307116400106;Bergstraße
1667;Woldegk;1307116400802;Birkenhain
1667;Woldegk;1307116400372;Birkenweg
1667;Woldegk;1307116400107;Blücher
1667;Woldegk;1307116400303;Brüderstraße
1667;Woldegk;1307116400302;Burgtorstraße
1667;Woldegk;1307116400304;Burgwall
1667;Woldegk;1307116400325;Canzow
1667;Woldegk;1307116400110;Carlsfelder Weg
1667;Woldegk;1307116400501;Carlslust
1667;Woldegk;1307116400111;Carolinenhof
1667;Woldegk;1307116400113;Düppel
1667;Woldegk;1307116400384;Ernst-Thälmann-Straße
1667;Woldegk;1307116400366;Feldlerchenweg
1667;Woldegk;1307116400202;Fliedergang
1667;Woldegk;1307116400364;Forsthof
1667;Woldegk;1307116400114;Friedrichshöh
1667;Woldegk;1307116400204;Fritz-Reuter-Straße
1667;Woldegk;1307116400389;Fürstenwerder Chaussee
1667;Woldegk;1307116400305;Gartenweg
1667;Woldegk;1307116400385;Georginenau
1667;Woldegk;1307116400387;Göhren
1667;Woldegk;1307116400399;Göhrener Chaussee
1667;Woldegk;1307116400365;Goldammerweg
1667;Woldegk;1307116400306;Goldberg
1667;Woldegk;1307116400307;Gotteskamp
1667;Woldegk;1307116400358;Grauenhagener Damm
1667;Woldegk;1307116400701;Hauptstraße
1667;Woldegk;1307116400409;Helpt
1667;Woldegk;1307116400326;Hildebrandshagen
1667;Woldegk;1307116400378;Hinrichshagener Damm
1667;Woldegk;1307116400601;Hornshagen
1667;Woldegk;1307116400803;Jägerberg
1667;Woldegk;1307116400117;Jägerstraße
1667;Woldegk;1307116400382;Johannesgrund
1667;Woldegk;1307116400383;Johanneshöhe
1667;Woldegk;1307116400118;Karl-Liebknecht-Platz
1667;Woldegk;1307116400704;Karrenweg
1667;Woldegk;1307116400363;Kastanienberg
1667;Woldegk;1307116400347;Kastanienweg
1667;Woldegk;1307116400359;Kirchgasse
1667;Woldegk;1307116400413;Kirchplatz
1667;Woldegk;1307116400328;Klosterstraße
1667;Woldegk;1307116400309;Kronenstraße
1667;Woldegk;1307116400348;Krumbecker Straße
1667;Woldegk;1307116400310;Krumme Straße
1667;Woldegk;1307116400311;Ladestraße
1667;Woldegk;1307116400367;Lindenweg
1667;Woldegk;1307116400312;Markt
1667;Woldegk;1307116400400;Marktstraße
1667;Woldegk;1307116400375;Mastenweg
1667;Woldegk;1307116400353;Mühlenblick
1667;Woldegk;1307116400205;Mühlendamm
1667;Woldegk;1307116400356;Mühlengrundstraße
1667;Woldegk;1307116400376;Mühlenweg
1667;Woldegk;1307116400206;Neubrandenburger Chaussee
1667;Woldegk;1307116400374;Neugartener Straße
1667;Woldegk;1307116400397;Neuhauser Weg
1667;Woldegk;1307116400346;Neutorstraße
1667;Woldegk;1307116400411;Oertzenhof
1667;Woldegk;1307116400362;Oltschlotter Damm
1667;Woldegk;1307116400412;Pasenow
1667;Woldegk;1307116400901;Petersdorf
1667;Woldegk;1307116400120;Pfarrhof
1667;Woldegk;1307116400121;Prenzlauer Chaussee
1667;Woldegk;1307116400122;Rosa-Luxemburg-Straße
1667;Woldegk;1307116400368;Rotdornweg
1667;Woldegk;1307116400314;Rudolf-Breitscheid-Straße
1667;Woldegk;1307116400123;Sandweg
1667;Woldegk;1307116400706;Scharnhorst
1667;Woldegk;1307116400124;Schillerstraße
1667;Woldegk;1307116400702;Schloßstraße
1667;Woldegk;1307116400329;Strasburger Chaussee
1667;Woldegk;1307116400332;Strelitzer Straße
1667;Woldegk;1307116400371;Tannenweg
1667;Woldegk;1307116400125;Taubenkamp
1667;Woldegk;1307116400354;Teichweg
1667;Woldegk;1307116400315;Tiefentalstraße
1667;Woldegk;1307116400391;Unterdorf
1667;Woldegk;1307116400336;Vogelsang
1667;Woldegk;1307116400392;Vorheider Weg
1667;Woldegk;1307116400126;Waldstraße
1667;Woldegk;1307116400394;Wassermühle
1667;Woldegk;1307116400316;Wasserstraße
1667;Woldegk;1307116400349;Wiesengrund
1667;Woldegk;1307116400127;Wilhelmshof
1667;Woldegk;1307116400128;Wilhelmshöhe
1667;Woldegk;1307116400357;Woldegker Chaussee
1667;Woldegk;1307116400703;Wolfshagener Weg
1667;Woldegk;1307116400317;Wollweberstraße
1667;Woldegk;1307116400377;Wrechener Weg
1667;Woldegk;1307116400319;Ziegeleiweg
1667;Woldegk;1307116400373;Zum Anger
1667;Woldegk;1307116400804;Zum Bahndamm
1667;Woldegk;1307116400330;Zum Grünen Steig
1667;Woldegk;1307116400408;Zum Katzengrund
1667;Woldegk;1307116400360;Zum Kiefernholz
1667;Woldegk;1307116400388;Zum Kornowsee
1667;Woldegk;1307116400805;Zum Pastorhaus
1667;Woldegk;1307116400321;Zur Ziegelei
